상품번호,상품명,판매가,상태,카테고리,재고,등록일
13298650417,절구 절구통 다지기 으깨기 절구공이 세트 LL,46600,SALE,생활/건강>주방용품>칼/커팅기구>절구,3333,2026-04-06T00:16:43.288+09:00
13298650126,S형 걸이 후크 8개 세트 공간 절약 소품 정리함 다용도 주방 벽걸이 행주 수건걸이,11490,SALE,생활/건강>수납/정리용품>옷걸이>일반옷걸이,9999,2026-04-06T00:16:36.301+09:00
13298649975,스위스 밀리터리 보온 도시락 세트 470ml,47090,SALE,생활/건강>주방용품>보관/밀폐용기>도시락통/찬합,999,2026-04-06T00:16:32.806+09:00
13298649809,스위스 밀리터리 보온 도시락 세트 350ml,38020,SALE,생활/건강>주방용품>보관/밀폐용기>도시락통/찬합,999,2026-04-06T00:16:29.480+09:00
13298649628,휴대용 철제 이젤 미술 그림 그리기 세트 실내 야외용 휴대용이젤 용품 도구 풍경화 작업,34170,SALE,생활/건강>화방용품>미술보조용품>이젤,7,2026-04-06T00:16:25.297+09:00
13298649459,벽걸이 샴푸 디스펜서 3구 물비누 세제통 호텔용 세트 욕실 용품 샴푸디 욕실디 세제디,59890,SALE,생활/건강>욕실용품>욕실용기/홀더>디스펜서,9999,2026-04-06T00:16:21.893+09:00
13298649300,로즈 골드 28mm 서류 클립 사무용 종이 10 개 세트 문서 정리 디자인 문구 리포트,8040,SALE,생활/건강>문구/사무용품>문구용품>클립/핀,3,2026-04-06T00:16:18.561+09:00
13298649106,세미락 욕실 도자기 디스펜서 5종 세트 형 욕실디 세면대 소품 인테리어 비누 홀더,53000,SALE,생활/건강>욕실용품>욕실용기/홀더>디스펜서,9999,2026-04-06T00:16:14.312+09:00
13298648956,렌즈 청소용 립스틱형 고무 펌프와 청소솔 세트 고무에어 기구 크리너 광학 노트북 클리너,28990,SALE,디지털/가전>카메라/캠코더용품>카메라/캠코더 관련용품>기타카메라/캠코더용품,9999,2026-04-06T00:16:10.693+09:00
13298648811,정밀 드라이버 세트 나사 스크류 공구 24 종 버세트 라쳇 다용도 가정용 정리함 수공구,52460,SALE,생활/건강>공구>수작업공구>드라이버,9999,2026-04-06T00:16:07.182+09:00
13298648667,주방 칼꽂이 보관 블록 스탠드 칼블럭 주방칼 칼정리함 칼수납대 세트 칼보관함 용품,40000,SALE,생활/건강>주방용품>칼/커팅기구>칼꽂이/블럭,9,2026-04-06T00:16:03.849+09:00
13298648507,차량용 트렁크 우산 걸이 간편 설치 소품 행거 수납 정리 정리함 낚시대 후크 액세서리,7910,SALE,생활/건강>자동차용품>수납용품>차량용우산걸이,9999,2026-04-06T00:16:00.304+09:00
13298648352,정밀 드라이버 115종 공구 세트 조립 분해 멀티 툴 버세트 가정용 전자 기기 수리,34560,SALE,생활/건강>공구>수작업공구>드라이버,9999,2026-04-06T00:15:56.698+09:00
13298648188,글리터 네일 파우더 트레이 받침대 거치대 아트 스티커 젤매니큐어 네일팁 세트 손톱 관리,8970,SALE,화장품/미용>네일케어>네일아트,4,2026-04-06T00:15:52.993+09:00
13298648046,다기능 자동차 소품걸이 3개 세트 차량 정리함 홀더 자석 스탠드 마운트 후크 벽전화,8180,SALE,생활/건강>자동차용품>수납용품>차량용옷걸이/후크/행거,9999,2026-04-06T00:15:49.570+09:00
13298647899,황금 코끼리 인테리어 소품 세트 집들이 선물 장식품 입주용 홈데코 아트 아이디어 실내,40400,SALE,패션잡화>패션소품>한복소품,2,2026-04-06T00:15:46.183+09:00
13298647742,호두 망치 견과류 오프너 밤가위 세트 호두까기 기계 류전용까기 다용도까기 기구 주방,8570,SALE,생활/건강>주방용품>칼/커팅기구>주방가위,9999,2026-04-06T00:15:42.478+09:00
13298647596,서류 정리함 파일 수납 트레이 박스 세트 1개 책상오 거나이저 멀티 서류철 문서 보관함,18520,SALE,생활/건강>문구/사무용품>데스크용품>문서보관함/서류함,9999,2026-04-06T00:15:39.060+09:00
13298647448,와인잔 거치대 보관함 정리대 와인랙 홀더 세트 유리 선반 소품 정리함 와인용걸이 주방,29660,SALE,생활/건강>주방용품>와인용품>와인랙,9999,2026-04-06T00:15:35.849+09:00
13298647267,비누 카네이션 브로치 세트(대) 1개 어버이날 스승의날 감사 유치원 학원 학교 단체 선물,23440,SALE,생활/건강>문구/사무용품>문구용품>기타문구용품,86,2026-04-06T00:15:31.599+09:00
13298647115,자전거펑크 자전거 타이어 펑크 수리 패치 키트 세트 DD-11980 자전거펑크패치,28490,SALE,스포츠/레저>자전거>자전거용품>공구,999,2026-04-06T00:15:27.974+09:00
13298646975,메이크업스파츌라 메이크업 믹싱 스파츌라 팔레트 세트,9160,SALE,화장품/미용>뷰티소품>페이스소품>기타페이스소품,999,2026-04-06T00:15:24.570+09:00
13298646792,주먹밥 미니 3단 도시락 만들기 틀 세트 DD-11903 주먹밥틀,4320,SALE,생활/건강>주방용품>조리기구>김밥/주먹밥틀,999,2026-04-06T00:15:21.234+09:00
13298646648,종이액자 컬러 사진 페이퍼 프레임 세트 종이액자프레임,6840,SALE,가구/인테리어>인테리어소품>액자>탁상용액자,999,2026-04-06T00:15:17.961+09:00
13298646464,손잡이앞접시 캠핑 먹방 스퀘어 손잡이 앞접시 플레이팅 5종 세트 예쁜그릇,21560,SALE,생활/건강>주방용품>식기>접시,999,2026-04-06T00:15:14.418+09:00
13298646280,물뿌리개 원예 화분 물 조리개 물주기 3L DD-11930 물조리개,12340,SALE,생활/건강>정원/원예용품>물조리개,999,2026-04-06T00:15:10.652+09:00
13298646138,미술놀이 키즈맘아트 스프레이 물감 슈팅 컬러 120ml x 5색 세트,53700,SALE,출산/육아>완구/인형>미술놀이>물감,999,2026-04-06T00:15:07.416+09:00
13298645964,파리끈끈이 강력 화분 과수원 파리 초파리 해충 벌레 퇴치 끈끈이 사각끈끈이 20x30cm 10매 M11148 방제,7650,SALE,생활/건강>생활용품>해충퇴치용품>끈끈이,999,2026-04-06T00:15:03.799+09:00
13298645785,네일붓 젤 네일 아트 붓 브러쉬 재료 15종 세트 DD-11803 젤네일붓,7040,SALE,화장품/미용>네일케어>네일아트,999,2026-04-06T00:14:59.975+09:00
13298645596,네일파우더 네일 아트 반짝이 글리터 파우더 48종 세트 DD-11796 네일글리터,11080,SALE,화장품/미용>네일케어>네일아트,999,2026-04-06T00:14:56.528+09:00
13298645453,스테인레스 휴대용 스텐 귀청소 6종 세트 핸디,5090,SALE,식품>다이어트식품>단백질보충제>기타단백질보충제,999,2026-04-06T00:14:53.407+09:00
13298645262,무선 KANALS호환 공연용 강의용 헤드마이크 가이드용 듀얼,46840,SALE,디지털/가전>음향가전>마이크>무선마이크,999,2026-04-06T00:14:49.936+09:00
13298645089,클레이도구 지점토 찰흙 폴리머 클레이 공예 툴 도구 5종 세트 폴리머클레이도구,9000,SALE,출산/육아>완구/인형>미술놀이>클레이,999,2026-04-06T00:14:46.623+09:00
13298644947,아일렛 다용도 펀칭기 펀치 세트 DD-11670 아일렛핀,11820,SALE,생활/건강>문구/사무용품>문구용품>펀치,999,2026-04-06T00:14:43.347+09:00
13298644760,광택패드 차량 유막 제거 스펀지 광택 패드 세트 세차스펀지,18840,SALE,생활/건강>자동차용품>세차용품>세차스펀지,999,2026-04-06T00:14:40.115+09:00
13298644594,포토가랜드 DIY 컬러 종이 포토 액자 가랜드 10P 세트 DD-11613 종이액자,7690,SALE,생활/건강>문구/사무용품>이벤트/파티용품>가랜드,999,2026-04-06T00:14:36.587+09:00
13298644453,사진가랜드 노끈 사진 걸이 가랜드 세트 사진걸이,6150,SALE,생활/건강>문구/사무용품>이벤트/파티용품>가랜드,999,2026-04-06T00:14:33.001+09:00
13298644268,바닥밀대 국산 접이식 밀대 바닥 걸레 강당 마포대 세트 걸레밀대,38950,SALE,생활/건강>청소용품>밀대/패드,999,2026-04-06T00:14:29.598+09:00
13298644115,바닥밀대 극세사 걸레 밀대 바닥 물밀대 패드 세트 걸레밀대,34310,SALE,생활/건강>청소용품>밀대/패드,999,2026-04-06T00:14:26.014+09:00
13298643932,보쉬 4-5-6-7-8 콘크리트 드릴비트 세트(5개입) 공구,28050,SALE,생활/건강>공구>전동공구>비트세트,999,2026-04-06T00:14:22.520+09:00
13298643757,종이컵 나무이야기 일회용 핫컵(16oz) 480ml 20입 세트 카페종이컵,6760,SALE,생활/건강>주방용품>주방잡화>종이컵,999,2026-04-06T00:14:19.355+09:00
13298643600,머리끈 컬러 캔디 통통 50P 파우치 세트 DD-11405 헤어밴드,4730,SALE,패션잡화>헤어액세서리>헤어끈,999,2026-04-06T00:14:15.787+09:00
13298643408,0 내향성 내성 발톱 정리 발톱큐렛 3종 세트 DD-11442 발톱관리용품,8800,SALE,생활/건강>발건강용품>발가락교정기,999,2026-04-06T00:14:12.093+09:00
13298643230,크래커플러스 (DG) 3D퍼즐 호국보훈 입체퍼즐 세트 3d퍼즐,87920,SALE,출산/육아>완구/인형>유아동퍼즐>종이/입체퍼즐,999,2026-04-06T00:14:08.225+09:00
13298643089,베이킹 케익 데코툴 슈깍지 세트 깍지,26660,SALE,생활/건강>주방용품>제과/제빵용품>제빵소도구,999,2026-04-06T00:14:04.855+09:00
13298642914,자동급수기 화분 식물 꽃 화분물주기 2P DD-11429,5870,SALE,생활/건강>정원/원예용품>물조리개,999,2026-04-06T00:14:01.466+09:00
13298642763,압축팩 수동식 의류 진공압축팩 40x60xm DD-10142 진공포장,5600,SALE,생활/건강>수납/정리용품>압축팩,999,2026-04-06T00:13:58.012+09:00
13298642565,문구 조각 목공예 아트 세트 13PC DD-10664,7470,SALE,생활/건강>공구>목공공구>조각기,999,2026-04-06T00:13:54.441+09:00
13298642387,분갈이매트 원예용 화분 분갈이 방수 매트 DD-10683 방수매트,8570,SALE,생활/건강>정원/원예용품>원예부자재,999,2026-04-06T00:13:50.884+09:00
13298642226,실험용핀셋 전자 부품 프라모델 정밀 핀셋 6종 세트 DD-10784 미세핀셋,7470,SALE,생활/건강>공구>수작업공구>핀셋,999,2026-04-06T00:13:47.409+09:00
13298642054,탁구연습기 나홀로 셀프 탁구 놀이 연습 세트 DD-10899 탁구라켓,10390,SALE,스포츠/레저>탁구>기타탁구용품,999,2026-04-06T00:13:43.939+09:00
13298641903,정원용품 화분 자동 급수 장치 10개입 DD-10920 원예용품,8930,SALE,생활/건강>정원/원예용품>물조리개,999,2026-04-06T00:13:40.419+09:00
13298641709,스펀지볼 스펀지 미니 스포츠 공 세트 12P DD-11090 스폰지볼,12090,SALE,출산/육아>완구/인형>스포츠완구>공/소프트볼,999,2026-04-06T00:13:36.691+09:00
13298641547,만두제조기 설 추석 만두틀 만두만들기 3종 세트 DD-11248 만두접기,5010,SALE,생활/건강>주방용품>조리기구>기타조리기구,999,2026-04-06T00:13:33.374+09:00
13298641361,비트소켓세트 복스알 비트 소켓 렌치 공구 세트 DD-11217 복스알비트세트,17130,SALE,생활/건강>공구>수작업공구>복스,999,2026-04-06T00:13:29.529+09:00
13298641136,형광펜 라인플러스 네오라이트 (12개입) 1다스 (옐로우) 문구,7180,SALE,생활/건강>문구/사무용품>필기도구>형광펜,999,2026-04-06T00:13:25.248+09:00
13298640976,미니접착 무타공 초강력 다용도 만능 홀더 걸이 후크 세트 접착식,3400,SALE,생활/건강>수납/정리용품>소품걸이,999,2026-04-06T00:13:21.751+09:00
13298640804,중성펜 동아 미피 향기나는 0.5mm 1다스 (12자루) (블루) 볼펜,14700,SALE,생활/건강>문구/사무용품>필기도구>펜,999,2026-04-06T00:13:17.949+09:00
13298640660,중성펜 동아 미피 향기나는 0.5mm 1다스 (12자루) (레드) 볼펜,14700,SALE,생활/건강>문구/사무용품>필기도구>펜,999,2026-04-06T00:13:14.673+09:00
13298640502,강아지 해피파티 펫 생일파티 의상 핑크 드레스 3종 세트 원피스,34910,SALE,생활/건강>반려동물>패션용품>코스튬,999,2026-04-06T00:13:11.091+09:00
13298640329,키트 동물농장 이오난사 테라리움 만들기 1인 세트 재료,17650,SALE,생활/건강>원예/식물>테라리엄,999,2026-04-06T00:13:07.610+09:00
13298640157,계기교육 단오 병풍 만들기 1인 세트 사회,11040,SALE,출산/육아>완구/인형>미술놀이>기타미술놀이,999,2026-04-06T00:13:03.963+09:00
13298640010,일회용컵 아이스컵 뚜껑 세트 16oz(480ml)10개입 플라스틱컵,7180,SALE,생활/건강>주방용품>잔/컵>플라스틱컵,999,2026-04-06T00:13:00.540+09:00
13298639836,과학실험키트 (SA) 자외선손가락만들기(스마트폰 열쇠고리형)(10인 세트) 과학실험세트,47340,SALE,출산/육아>교구>학습교구>자연/과학교구,999,2026-04-06T00:12:56.673+09:00
13298639658,드라이버세트 드라이버 세트 공구 노트북 스마트폰 분해조립 별드라이버,7180,SALE,생활/건강>공구>수작업공구>드라이버,999,2026-04-06T00:12:52.943+09:00
13298639502,한국 우리나라 팝업 북아트 만들기 대한민국,16090,SALE,출산/육아>완구/인형>미술놀이>기타미술놀이,999,2026-04-06T00:12:49.439+09:00
13298639350,스테들러 마스 루모그라프 제도연필 8H 1타,24670,SALE,생활/건강>문구/사무용품>필기도구>연필,1000000,2026-04-06T00:12:45.750+09:00
13298639156,스테들러 마스 루모그라프 제도연필 9H 1타,24670,SALE,생활/건강>문구/사무용품>필기도구>연필,1000000,2026-04-06T00:12:42.286+09:00
13298638969,스테들러 마스 루모그라프 제도연필 7H 1타,24670,SALE,생활/건강>문구/사무용품>필기도구>연필,1000000,2026-04-06T00:12:38.259+09:00
13298638777,스테들러 마스 루모그라프 제도연필 9B 1타,24670,SALE,생활/건강>문구/사무용품>필기도구>연필,1000000,2026-04-06T00:12:34.020+09:00
13298638585,탕비 오리온 통아몬드캔디 90g 간식,6680,SALE,식품>과자/베이커리>사탕,999,2026-04-06T00:12:30.140+09:00
13298638384,노트 노트패드(A5 노랑 1EA Office Factory) 수첩,4800,SALE,생활/건강>문구/사무용품>노트/수첩>노트패드,999,2026-04-06T00:12:26.076+09:00
13298638178,0 개구리 개운죽 화분 만들기,7610,SALE,생활/건강>원예/식물>수경식물,999,2026-04-06T00:12:21.981+09:00
13298637953,문구용품 모닝)종합장(무선 남) 사무용품,6620,SALE,생활/건강>문구/사무용품>노트/수첩>노트,999,2026-04-06T00:12:17.576+09:00
13298637748,쓰레받기 엠비코 미니 빗자루 + 쓰레받기세트 (색상선택불가) 방비세트,9730,SALE,생활/건강>청소용품>빗자루/쓰레받기,999,2026-04-06T00:12:13.622+09:00
13298637605,0 수저 세트 해바라기 5P SET,29630,SALE,생활/건강>주방용품>식기>수저,999,2026-04-06T00:12:10.045+09:00
13298637443,와이퍼 아반떼AD 하이브리드 650mm 400mm 세트 하이브리드와이퍼,13440,SALE,생활/건강>자동차용품>오일/소모품>엔진오일,999,2026-04-06T00:12:06.280+09:00
13298637263,와이퍼 아반떼MD 하이브리드 650mm 350mm 세트 하이브리드와이퍼,13440,SALE,생활/건강>자동차용품>오일/소모품>엔진오일,999,2026-04-06T00:12:02.240+09:00
13298637074,와이퍼 올란도 하이브리드 600mm 450mm 세트 하이브리드와이퍼,13440,SALE,생활/건강>자동차용품>오일/소모품>엔진오일,999,2026-04-06T00:11:58.214+09:00
13298636875,와이퍼 LF소나타 하이브리드 650mm 450mm 세트 하이브리드와이퍼,13440,SALE,생활/건강>자동차용품>오일/소모품>엔진오일,999,2026-04-06T00:11:53.727+09:00
13298636706,작업 세신버팔로 12각 소켓렌치 세트 3 4Dr(Inc) 21pcs Inc사이즈 (1EA) 소켓,597910,SALE,생활/건강>공구>수작업공구>렌치,999,2026-04-06T00:11:50.122+09:00
13298636538,연필홀더 꼽는방식 노트 다이어리 연필 볼펜 고정 홀더1P 볼펜보관,5410,SALE,생활/건강>문구/사무용품>데스크용품>연필꽂이,999,2026-04-06T00:11:46.497+09:00
13298636346,노즐청소 빨대전용 스텐 세척솔 10p 세트 빨대세척솔 빨대솔 물병세척솔,12750,SALE,출산/육아>소독/살균용품>젖병솔,999,2026-04-06T00:11:42.588+09:00
13298636148,미니쓰레받기 빗자루 쓰레받이 빗자루세트 쓰레받기 세트 미니,5390,SALE,생활/건강>청소용품>빗자루/쓰레받기,999,2026-04-06T00:11:38.401+09:00
13298635945,거실액자 자취방꾸미기 가랜드 종이액자 10p 세트 5x7 화이트 거실인테리어액자,9970,SALE,생활/건강>문구/사무용품>이벤트/파티용품>가랜드,999,2026-04-06T00:11:34.062+09:00
13298635752,라텍스밴드 TPE 요가 밴드(랠리) 세트 스트레칭밴드,15480,SALE,스포츠/레저>헬스>웨이트기구>웨이트용품,999,2026-04-06T00:11:30.068+09:00
13298635562,기타피크 세트(10개) 피크 5 Guitar-Pick 1.0mm 기타용품,11520,SALE,생활/건강>악기>현악기>현악기소품/부품,999,2026-04-06T00:11:26.283+09:00
13298635405,양변기수리 양변기부속 고무덮개 체인형 누수방지 플러시밸브 부속품 변기부속품,6940,SALE,생활/건강>욕실용품>세면대/수전용품>욕실부속품,999,2026-04-06T00:11:22.752+09:00
13298635128,SM5노바와이퍼 SM5 노바 와이퍼 600mm400mm 세트 SM5노바용품,13440,SALE,생활/건강>자동차용품>오일/소모품>엔진오일,999,2026-04-06T00:11:17.097+09:00
13298634962,K53와이퍼 K5 3 와이퍼 650mm400mm 세트 K53용품,13440,SALE,생활/건강>자동차용품>오일/소모품>엔진오일,999,2026-04-06T00:11:13.417+09:00
13298634776,건스프레이 투명 공병 500ml 세트 분무기 건스프레이공병,5910,SALE,생활/건강>생활용품>생활잡화>분무기,999,2026-04-06T00:11:09.824+09:00
13298634597,걸이형도자기수저통 걸이형 도자기 수저통(L) 1P 세트 도자기수저통,17380,SALE,생활/건강>주방용품>식기>수저통,999,2026-04-06T00:11:05.765+09:00
13298634364,실핀 검정 머리 헤어 실삔 세트,3750,SALE,패션잡화>헤어액세서리>헤어핀,999,2026-04-06T00:11:01.706+09:00
13298634120,학용품 모형철자 세트 사무용품,25880,SALE,생활/건강>문구/사무용품>문구용품>자,999,2026-04-06T00:10:57.993+09:00
13298633869,문구용품 )패드(A4 40매 노랑) 사무용품,6770,SALE,생활/건강>문구/사무용품>노트/수첩>노트패드,999,2026-04-06T00:10:54.090+09:00
13298633652,문구용품 빠이롯트)지워지는프릭션볼펜(0.5mm 흑색) 사무용품,10820,SALE,생활/건강>문구/사무용품>필기도구>볼펜,999,2026-04-06T00:10:50.316+09:00
13298633484,위생 이불 의류정리 압축팩 에어 압축펌프 진공압축기 이불압축팩,5940,SALE,생활/건강>수납/정리용품>압축팩,999,2026-04-06T00:10:46.662+09:00
13298633291,더뉴니로와이퍼 더뉴니로 와이퍼 650mm 400mm 세트 더뉴니로용품,13440,SALE,생활/건강>자동차용품>오일/소모품>엔진오일,999,2026-04-06T00:10:42.567+09:00
13298633144,코란도스포츠와이퍼 코란도스포츠 와이퍼 550mm 450mm 세트 코란도스포츠용품,13440,SALE,생활/건강>자동차용품>오일/소모품>엔진오일,999,2026-04-06T00:10:39.436+09:00
13298633001,뉴코란도와이퍼 뉴코란도 와이퍼 450mm 세트 뉴코란도용품,13440,SALE,생활/건강>자동차용품>오일/소모품>엔진오일,999,2026-04-06T00:10:36.134+09:00
