상품ID,상품명,기존ID,기존카테고리,추천ID,추천카테고리,상태
13298650417,절구 절구통 다지기 으깨기 절구공이 세트 LL,,생활/건강>주방용품>칼/커팅기구>절구,50004758,절구,Fixed (Phase2)
13298649459,벽걸이 샴푸 디스펜서 3구 물비누 세제통 호텔용 세트 욕실 용품 샴푸디 욕실디 세제디,,생활/건강>욕실용품>욕실용기/홀더>디스펜서,50008649.0,생활/건강 > 욕실용품 > 욕실용기/홀더 > 디스펜서,Mismatch
13298649106,세미락 욕실 도자기 디스펜서 5종 세트 형 욕실디 세면대 소품 인테리어 비누 홀더,,생활/건강>욕실용품>욕실용기/홀더>디스펜서,50019799,테이프디스펜서,Fixed (Phase2)
13298648811,정밀 드라이버 세트 나사 스크류 공구 24 종 버세트 라쳇 다용도 가정용 정리함 수공구,,생활/건강>공구>수작업공구>드라이버,50002668,드라이버,Fixed (Phase2)
13298648352,정밀 드라이버 115종 공구 세트 조립 분해 멀티 툴 버세트 가정용 전자 기기 수리,,생활/건강>공구>수작업공구>드라이버,50003391.0,생활/건강 > 공구 > 수작업공구 > 드라이버,Mismatch
13298648188,글리터 네일 파우더 트레이 받침대 거치대 아트 스티커 젤매니큐어 네일팁 세트 손톱 관리,,화장품/미용>네일케어>네일아트,50000403,네일아트,Fixed (Phase2)
13298646975,메이크업스파츌라 메이크업 믹싱 스파츌라 팔레트 세트,,화장품/미용>뷰티소품>페이스소품>기타페이스소품,50000244.0,화장품/미용 > 뷰티소품 > 메이크업브러쉬,Mismatch
13298646280,물뿌리개 원예 화분 물 조리개 물주기 3L DD-11930 물조리개,,생활/건강>정원/원예용품>물조리개,50003372,압축분무기,Fixed (Phase2)
13298645964,파리끈끈이 강력 화분 과수원 파리 초파리 해충 벌레 퇴치 끈끈이 사각끈끈이 20x30cm 10매 M11148 방제,,생활/건강>생활용품>해충퇴치용품>끈끈이,50002695,끈끈이,Fixed (Phase2)
13298645785,네일붓 젤 네일 아트 붓 브러쉬 재료 15종 세트 DD-11803 젤네일붓,,화장품/미용>네일케어>네일아트,50000403,네일아트,Fixed (Phase2)
13298642914,자동급수기 화분 식물 꽃 화분물주기 2P DD-11429,,생활/건강>정원/원예용품>물조리개,50003372,압축분무기,Fixed (Phase2)
13298642387,분갈이매트 원예용 화분 분갈이 방수 매트 DD-10683 방수매트,,생활/건강>정원/원예용품>원예부자재,50001796,원예부자재,Fixed (Phase2)
13298642054,탁구연습기 나홀로 셀프 탁구 놀이 연습 세트 DD-10899 탁구라켓,,스포츠/레저>탁구>기타탁구용품,50001448,탁구라켓,Fixed (Phase2)
13298641903,정원용품 화분 자동 급수 장치 10개입 DD-10920 원예용품,,생활/건강>정원/원예용품>물조리개,50001794,물조리개,Fixed (Phase2)
13298639658,드라이버세트 드라이버 세트 공구 노트북 스마트폰 분해조립 별드라이버,,생활/건강>공구>수작업공구>드라이버,50002668,드라이버,Fixed (Phase2)
13298638178,0 개구리 개운죽 화분 만들기,,생활/건강>원예/식물>수경식물,1312080000.0,취미/도서 > 원예/식물 > 화분용품 > 화분,Mismatch
13298630862,플라스틱 화분 정리대 선반 받침대 거치대 진열대 3단,,생활/건강>정원/원예용품>화분대,50001802,화분대,Fixed (Phase2)
13298630696,플라스틱 식물 네임태그 화분 라벨 10개 세트,,생활/건강>정원/원예용품>원예부자재,50001796,원예부자재,Fixed (Phase2)
13290694620,8in1 드라이버 세트 공구 가정용 십자 다용도 정밀 전동 파이 프렌치 스패너 별렌치,,생활/건강>공구>수작업공구>드라이버,50002668,드라이버,Fixed (Phase2)
13290693723,캘리그라피 컬러 붓펜 24색 2개 수채화 브러쉬 마커 다꾸 드로잉 펜,,생활/건강>문구/사무용품>필기도구>네임펜,50003566,네임펜,Fixed (Phase2)
13290693359,바리스타 미니어처 포터필터 키링 블랙 2p 세트 에어팟 차키 고리,,패션잡화>패션소품>키홀더,50000570,키홀더,Fixed (Phase2)
13290692443,포트 화분 38x25cm 실외화분 대형포트화분,,생활/건강>정원/원예용품>화분,50001790,미니화분,Fixed (Phase2)
13290692280,화분 분재형 22x11cm 화산석돌화분 분재화분,,생활/건강>정원/원예용품>화분,50001790,미니화분,Fixed (Phase2)
13290692132,사각 포트 화분 27x22 미니사각화분 사각플라스틱화분,,생활/건강>정원/원예용품>화분,50001790,미니화분,Fixed (Phase2)
13290691945,화분 스탠다드 20x19 개업축하화분 선반화분,,생활/건강>정원/원예용품>화분,50001790,미니화분,Fixed (Phase2)
13290691756,대나무 화분 받침 직사각 우드받침대 사각쟁반,,생활/건강>정원/원예용품>화분받침,1312080000.0,취미/도서 > 원예/식물 > 화분용품 > 화분,Mismatch
13290691603,수제 다육이 화분 퀼트 다육화분 수제화분,,생활/건강>정원/원예용품>화분,50001790,미니화분,Fixed (Phase2)
13290691407,토분 화분 받침 25cm 토기화분받침대 화분대,,생활/건강>정원/원예용품>화분받침,50001803,화분받침,Fixed (Phase2)
13290691255,12각 화분 216x163mm 특이한화분 허브키우기,,생활/건강>정원/원예용품>화분,50001790,미니화분,Fixed (Phase2)
13290691099,분재 화분 25x16cm 가벼운화분 실외화분,,생활/건강>정원/원예용품>화분,1312080000.0,취미/도서 > 원예/식물 > 화분용품 > 화분,Mismatch
13290690930,유광 플라스틱 나팔 화분 길쭉한화분 카페화분,,생활/건강>정원/원예용품>화분,50001790,미니화분,Fixed (Phase2)
13290690779,화분 볼링핀 18x21cm 꽃화분 선반화분,,생활/건강>정원/원예용품>화분,50001790,미니화분,Fixed (Phase2)
13290690545,체인 화분 걸이 50cm 블랙 행잉화분고리 행잉걸이,,생활/건강>정원/원예용품>화분받침,50001803,화분받침,Fixed (Phase2)
13290690146,화분 난 타공 12.5cm 소형식물화분 슬림화분,,생활/건강>정원/원예용품>화분,1312080000.0,취미/도서 > 원예/식물 > 화분용품 > 화분,Mismatch
13290689985,법랑 원통 화분 15X16 인테리어화분 화이트화분,,생활/건강>정원/원예용품>화분,50001790,미니화분,Fixed (Phase2)
13290689831,화분 양손잡이 16x15 책상화분 까페화분,,생활/건강>정원/원예용품>화분,50001790,미니화분,Fixed (Phase2)
13290689594,토분 화분 받침 145mm 인테리어화분받침대 화분다이,,생활/건강>정원/원예용품>화분받침,50001803,화분받침,Fixed (Phase2)
13290689432,경량 화분 17x19cm 화분인테리어 인테리어화분,,생활/건강>정원/원예용품>화분,50001790,미니화분,Fixed (Phase2)
13290689258,화분 받침대 200mm 원목화분대 화분받침대,,생활/건강>정원/원예용품>화분받침,50001803,화분받침,Fixed (Phase2)
13290689056,화산석 화분 15x40cm 원형화분 다육화분,,생활/건강>정원/원예용품>화분,50001790,미니화분,Fixed (Phase2)
13290688740,토분 화분 받침 15cm 화분물받침대 분재받침대대,,생활/건강>정원/원예용품>화분,50001790,미니화분,Fixed (Phase2)
13290688563,토분 화분 받침 12.5cm 인테리어화분받침대 화분받이,,생활/건강>정원/원예용품>화분받침,1312080000.0,취미/도서 > 원예/식물 > 화분용품 > 화분,Mismatch
13290688235,화분 테라리움 소품 4개 조경용품 촬영소품,,생활/건강>공구>원예공구>기타원예공구,1312080000.0,취미/도서 > 원예/식물 > 화분용품 > 화분,Mismatch
13290687901,화분 받침 12개 원형화분받침대 토분물받이,,생활/건강>정원/원예용품>화분받침,50001803,화분받침,Fixed (Phase2)
13290687721,토분 화분 받침 31cm 원형화분받침대 원형화분받침,,생활/건강>정원/원예용품>화분받침,50001803,화분받침,Fixed (Phase2)
13290687550,작업용 다용도 45종세트 드라이버 세트 공구 체결,,생활/건강>공구>전동공구>비트세트,50003406,비트세트,Fixed (Phase2)
13290687394,화분 꽂이 링 800lm 식물성장LED 다육이등,,가구/인테리어>인테리어소품>조명>샹들리에,50003333,샹들리에,Fixed (Phase2)
13290687244,사각 포트 화분 15x13 심플한화분 플라스틱화분,,생활/건강>정원/원예용품>화분,50001790,미니화분,Fixed (Phase2)
13290687063,화분 분재형 33x15cm 넓은화분 분재용화분,,생활/건강>정원/원예용품>화분,50001790,미니화분,Fixed (Phase2)
13290686856,토분 화분 60x80cm 실내화분 거실화분인테리어,,생활/건강>정원/원예용품>화분,1312080000.0,취미/도서 > 원예/식물 > 화분용품 > 화분,Mismatch
13290686699,수제 다육이 화분 이쁜화분 카페화분,,생활/건강>정원/원예용품>화분,50001790,미니화분,Fixed (Phase2)
13290686350,분재 동물 화분 16x10 테라코타토분 정원화분,,생활/건강>정원/원예용품>화분,50001790,미니화분,Fixed (Phase2)
13290686038,분재 화분 그래니트 화이트 선인장화분 다육이화분,,생활/건강>정원/원예용품>화분,50001790,미니화분,Fixed (Phase2)
13290685683,실외용 화분 30x47cm 원통화분 정원화분,,생활/건강>정원/원예용품>화분,50001790,미니화분,Fixed (Phase2)
13290685521,삽목 화분 21cm 투명 원형화분 삽목트레이,,생활/건강>정원/원예용품>화분,50001790,미니화분,Fixed (Phase2)
13290685340,화분 정원형 20x19cm 호텔화분 개업축하화분,,생활/건강>정원/원예용품>화분,50001790,미니화분,Fixed (Phase2)
13290685192,화분 화병 수반 16x13 인테리어꽃병 투명유리화병,,가구/인테리어>인테리어소품>전통공예소품,1312080000.0,취미/도서 > 원예/식물 > 화분용품 > 화분,Mismatch
13290684997,토분 화분 18x20cm 화분오브제 사무실화분,,생활/건강>정원/원예용품>화분,50001790,미니화분,Fixed (Phase2)
13290684764,슬릿 삽목 화분 24cm 뿌리화분 빈화분,,생활/건강>정원/원예용품>화분,50001790,미니화분,Fixed (Phase2)
13290684595,수지 오각 30x31 화분 독특한화분 특이한화분,,생활/건강>정원/원예용품>화분,50001790,미니화분,Fixed (Phase2)
13290684440,3개 토분 화분 사각 튼튼한화분 칼라데아화분,,생활/건강>정원/원예용품>화분,1312080000.0,취미/도서 > 원예/식물 > 화분용품 > 화분,Mismatch
13290684261,다육이 화분 볼 8x10 원예용품 도자기화분,,생활/건강>정원/원예용품>화분,50001790,미니화분,Fixed (Phase2)
13290684099,화분 스텐드 18cm 화분받침 원목화분대,,생활/건강>정원/원예용품>화분받침,50001803,화분받침,Fixed (Phase2)
13290683771,십자 전동 논슬립 헤드 세트 전동 드라이버 드릴비트,,생활/건강>공구>전동공구>비트세트,50003406,비트세트,Fixed (Phase2)
13290683087,알덴 별 비트 렌치 드릴비트 드라이버 비트 세트 5p,,생활/건강>공구>전동공구>비트세트,50003391.0,생활/건강 > 공구 > 수작업공구 > 드라이버,Mismatch
13290682913,토네 라쳇 드라이버 십자 일자 육각 드라이버 세트,,생활/건강>공구>수작업공구>드라이버,50003391.0,생활/건강 > 공구 > 수작업공구 > 드라이버,Mismatch
13290682724,사각 포트 화분 18x15 카페화분 식물화분,,생활/건강>정원/원예용품>화분,50001790,미니화분,Fixed (Phase2)
13290681358,분재 다육이 화분 D23 꽃화분 미니화분,,생활/건강>정원/원예용품>화분,50001790,미니화분,Fixed (Phase2)
13290681195,십자 전동 논슬립 헤드 세트 자석고정 드라이버 비트,,생활/건강>공구>전동공구>비트세트,50003406,비트세트,Fixed (Phase2)
13290680861,수지 마블 화분 청바지 2호 베고니아화분 담쟁이화분,,생활/건강>정원/원예용품>화분,50001790,미니화분,Fixed (Phase2)
13290679272,대코 실리콘 초콜릿 몰드16구(하트)-베이커리 모양 틀 베이킹,,생활/건강>주방용품>제과/제빵용품>쿠키커터/모양틀,50002000,초콜릿,Fixed (Phase2)
13290676942,대나무 원목 스툴 선반 거실 협탁 조립식 화분 받침대 수납대,,가구/인테리어>수납가구>선반,50001321,선반,Fixed (Phase2)
13285687001,사슴뿔 모양 병따개 12P 세트 휴대용 오프너 키링 캔따개 열쇠고리,,생활/건강>주방용품>조리기구>기타조리기구,50004784,기타조리기구,Fixed (Phase2)
13285681485,원예용 식물 이름표 물결 화분 네임택 10개세트,,생활/건강>정원/원예용품>원예부자재,1312080000.0,취미/도서 > 원예/식물 > 화분용품 > 화분,Mismatch
13285680379,플라스틱 식물 이름표 가드닝 팻말 텃밭 화분 표시 스틱 10P,,생활/건강>정원/원예용품>원예부자재,1312080000.0,취미/도서 > 원예/식물 > 화분용품 > 화분,Mismatch
13285679927,파스텔 컬러 집모양 식물 표시사인 화분 작물 일름표 12P 세트,,생활/건강>정원/원예용품>원예부자재,1312080000.0,취미/도서 > 원예/식물 > 화분용품 > 화분,Mismatch
13285674250,스테인리스 화분 정리대 2단 선반 코너 수납장 베란다 다육이 진열대 실내외 정리,,생활/건강>정원/원예용품>화분받침,1312080000.0,취미/도서 > 원예/식물 > 화분용품 > 화분,Mismatch
13285674043,점착 메모지 알뜰팩 사무용 공부 필기 기록용 스티커 노트 메모패드 문구 정리,,생활/건강>문구/사무용품>노트/수첩>메모지,1001120000.0,문구/사무용품 > 스티커/라벨 > 스티커,Mismatch
13285668565,변기솔 거치대 세트 욕실 청소솔 화장실 바닥 청소 원형 브러쉬 클리너,,생활/건강>청소용품>기타청소용품,50008668,변기솔,Fixed (Phase2)
13285668294,투명 폼건 분무기 압축 분사기 2종 세트 세차 화분 물분사 거품분사 수동 스프레이,,스포츠/레저>스키/보드>스키/보드용품>보호대,1312080000.0,취미/도서 > 원예/식물 > 화분용품 > 화분,Mismatch
13285667581,모종 플라스틱 화분 소형 미니 일회용 다육이 파종 포트 원예 가드닝 육묘화분,,생활/건강>원예/식물>미니화분,50001790,미니화분,Fixed (Phase2)
13285667189,24색 색연필 세트 지함 케이스 포함 미술용 드로잉 컬러링 수채화 채색 문구,,생활/건강>화방용품>애니메이션용품>펜촉/펜대,50003896.0,생활/건강 > 문구/사무용품 > 화방용품 > 색연필,Mismatch
13285665693,인조 식물 다육이 화분 3개 세트 미니 선인장 스타일 인테리어 책상 장식 소품,,생활/건강>원예/식물>미니화분,50001790,미니화분,Fixed (Phase2)
13285663925,공룡 스틱 비눗방울 12개 세트 버블건 비누 비눗방울건 대형 오리 놀이 카메라 목걸이,,출산/육아>완구/인형>감각발달완구>비눗방울,50004224,비눗방울,Fixed (Phase2)
13285663068,미니 오리 비눗방울 24개 세트 버블건 비누 비눗방울건 대형 스틱 놀이 카메라 목걸이,,출산/육아>완구/인형>감각발달완구>비눗방울,50004224,비눗방울,Fixed (Phase2)
13285661078,재미있는폼폼 블럭 디폼 블럭도안 세트 패키지 비즈 톡톡 10mm,,출산/육아>완구/인형>블록>기타블록,50005309,기타블록,Fixed (Phase2)
13280466288,여성 코튼 블루 순면 삼각 팬티 리본 속옷 5개 세트,,패션의류>여성언더웨어/잠옷>팬티,50000824,팬티,Fixed (Phase2)
13280466060,여자 잠옷 세트 투피스 리본 프릴 반팔 반바지 코디,,패션의류>여성언더웨어/잠옷>시즌성내의>내복,50003632,내복,Fixed (Phase2)
13280464962,화분 분갈이 바닥 망사(1호) 배수판 물구멍 깔망,,생활/건강>정원/원예용품>원예부자재,50001796,원예부자재,Fixed (Phase2)
13274934044,12컬러 부드러운 그림 그리기 색연필 미술용품,,생활/건강>화방용품>스케치/드로잉용품>수채색연필,50003895,수채색연필,Fixed (Phase2)
13274933824,페트병 화분 자동급수기,,생활/건강>정원/원예용품>물조리개,50003372,압축분무기,Fixed (Phase2)
13274933603,메이크업 브러쉬 14종 원통케이스 세트,,화장품/미용>색조메이크업>색조메이크업세트,50000244.0,화장품/미용 > 뷰티소품 > 메이크업브러쉬,Mismatch
13274933393,반지 팔찌 키링 시드 미니 비즈 diy 만들기 세트,,생활/건강>수집품>이색수집품,50000378,이색수집품,Fixed (Phase2)
13274933166,36000 공단판 데코리본 세트 - 중 (36개입),,생활/건강>공구>포장용품>포장지,12161905.0,문구/사무용품 > 포장용품 > 리본/장식끈,Mismatch
13274932745,스타 배드민턴 라켓 세트 FOCUS X200,,스포츠/레저>배드민턴>배드민턴라켓,50001349,배드민턴라켓,Fixed (Phase2)
13274932062,핑크풋 피규어 컴퍼스 콤파스 세트,,생활/건강>문구/사무용품>제도용품>기타제도용품,50003765,기타제도용품,Fixed (Phase2)
13274931403,E09] (6개세트) 화분 파스텔,,생활/건강>생활용품>생활선물세트,1312080000.0,취미/도서 > 원예/식물 > 화분용품 > 화분,Mismatch
13274929132,드라이버 복스알 27종 세트 십자 일자 드라이버 소켓,,생활/건강>공구>수작업공구>복스,50003395,복스,Fixed (Phase2)
13274928749,사각 플라스틱 화분 6.5 x 6.5cm,,생활/건강>정원/원예용품>화분,1312080000.0,취미/도서 > 원예/식물 > 화분용품 > 화분,Mismatch
13274928298,발광셔틀콕 깃털 셔틀콕 거위깃털 야광 4p 세트 배드민턴공,,스포츠/레저>배드민턴>셔틀콕,50001352,셔틀콕,Fixed (Phase2)
13274928110,인테리어소품 식물 수경 행잉 화분 화병,,생활/건강>정원/원예용품>화분,50001790,미니화분,Fixed (Phase2)
13274927678,미니텃밭 화분 텃밭 토분화분 만들기 블랙 대형,,생활/건강>정원/원예용품>화분,50001790,미니화분,Fixed (Phase2)
13274927479,가벼운 꽃화분 텃밭 화분 블랙 중형 저렴한 만들기,,생활/건강>정원/원예용품>화분,50001790,미니화분,Fixed (Phase2)
13274927062,가벼운 화분 원예용 대형 그레이 베란다 저렴한 부직포,,생활/건강>정원/원예용품>화분,1312080000.0,취미/도서 > 원예/식물 > 화분용품 > 화분,Mismatch
13274925395,저렴한 베이지 가벼운 텃밭 중형 화분 원예용 만들기,,생활/건강>정원/원예용품>화분,50001790,미니화분,Fixed (Phase2)
13274924334,시크릿 쥬쥬 스쿨백 세트 2nd Edition 1개 가방 키링 다이어리 와펜 필통 꾸미기 스티커 포함 장난감,,출산/육아>완구/인형>역할놀이/소꿉놀이>기타역할놀이/소꿉놀이,50004647,기타역할놀이/소꿉놀이,Fixed (Phase2)
13274922929,20색 색연필 색깔 교체 시험 점수 채점 랜덤 발송 1P,,출산/육아>완구/인형>미술놀이>색연필,50003896.0,생활/건강 > 문구/사무용품 > 화방용품 > 색연필,Mismatch
13274922302,플유 반짝이는 3D 크리스탈 입체 스티커 4종 각 1개씩 4개 세트 물방울 투명 스티커 다꾸 다이어리 폰 꾸미,,생활/건강>수집품>아이돌굿즈>스티커,1001120000.0,문구/사무용품 > 스티커/라벨 > 스티커,Mismatch
13274920542,드라이버 비트 세트 29 in 1 십자 일자 별 육각 비트 BF618,,생활/건강>공구>전동공구>기타전동공구,50003391.0,생활/건강 > 공구 > 수작업공구 > 드라이버,Mismatch
13274917406,허브 화분 패키지 재배 키우기 바질,,생활/건강>원예/식물>허브식물,50001788,허브식물,Fixed (Phase2)
13274916539,4 in 1 토양 수분 측정기 식물 화분 습도계,,생활/건강>공구>측정공구>기타측정기,50003439,기타측정기,Fixed (Phase2)
13274916328,디지털 토양 수분 측정기 식물 화분 습도계,,생활/건강>공구>측정공구>기타측정기,50003429,온도계/습도계,Fixed (Phase2)
13270179322,세계 우표 노트북 캐리어 방수 스티커 50장 세트,,가구/인테리어>DIY자재/용품>데코스티커,50001066,데코스티커,Fixed (Phase2)
13270179143,음식 노트북 캐리어 방수 스티커 50장 세트,,가구/인테리어>DIY자재/용품>데코스티커,50001066,데코스티커,Fixed (Phase2)
13270178957,핑크 노트북 캐리어 방수 스티커 50장 세트,,가구/인테리어>DIY자재/용품>데코스티커,50001066,데코스티커,Fixed (Phase2)
13270178697,농구 플레이 노트북 캐리어 방수 스티커 50장 세트,,가구/인테리어>DIY자재/용품>데코스티커,50001066,데코스티커,Fixed (Phase2)
13270178482,베란다 발코니 난간 창틀 배란다 철제 정리 화분 걸이대,,생활/건강>정원/원예용품>화분받침,50001803,화분받침,Fixed (Phase2)
13270175314,좁은 공간 다목적 라쳇 드라이버 세트 자동차 정비 비트 공구함,,생활/건강>공구>수작업공구>드라이버,50002668,드라이버,Fixed (Phase2)
13270171792,12색 미니 원목 (랜덤발송) 색연필 먼작귀,,생활/건강>문구/사무용품>필기도구>사인펜,50003570,사인펜,Fixed (Phase2)
13270164012,강력 화분 과수원 파리 초파리 해충 벌레 퇴치 끈끈이 사각끈끈이 20x30cm 10매 M11148,,생활/건강>생활용품>해충퇴치용품>끈끈이,50002695,끈끈이,Fixed (Phase2)
13270163629,화분 키우기 가정용 어린이 씨앗 씨드볼 키트 토마토 방울,,생활/건강>정원/원예용품>화분,50001790,미니화분,Fixed (Phase2)
13270162681,재료 씨앗 화분 방울 토마토 식물 키트 키우기 모종,,생활/건강>정원/원예용품>화분,50001790,미니화분,Fixed (Phase2)
13270159631,실내 인테리어용 자동 급수 화분,,생활/건강>정원/원예용품>화분,50001790,미니화분,Fixed (Phase2)
13270159017,191 in 1 드라이버 비트 세트 공구 분해 핸들 MG191,,생활/건강>공구>전동공구>기타전동공구,50003391.0,생활/건강 > 공구 > 수작업공구 > 드라이버,Mismatch
13270158811,117 in 1 드라이버 비트 세트 공구 분해 핸들 MG117,,생활/건강>공구>전동공구>기타전동공구,50003391.0,생활/건강 > 공구 > 수작업공구 > 드라이버,Mismatch
13270158593,76 in 1 드라이버 비트 세트 공구 분해 핸들 MG076,,생활/건강>공구>전동공구>기타전동공구,50003387,공구세트,Fixed (Phase2)
13270158373,귀여운 야채 노트북 캐리어 방수 스티커 50장 세트,,가구/인테리어>DIY자재/용품>데코스티커,50001066,데코스티커,Fixed (Phase2)
13270158125,블랙 농구 노트북 캐리어 방수 스티커 50장 세트,,가구/인테리어>DIY자재/용품>데코스티커,50001066,데코스티커,Fixed (Phase2)
13270157921,빈티지 노트북 캐리어 방수 스티커 50장 세트,,가구/인테리어>DIY자재/용품>데코스티커,50001066,데코스티커,Fixed (Phase2)
13270157697,WWE 레슬링 노트북 캐리어 방수 스티커 50장 세트,,가구/인테리어>DIY자재/용품>데코스티커,50004598,홈버튼스티커,Fixed (Phase2)
13270157377,귀여운 강아지 노트북 캐리어 방수 스티커 50장 세트,,가구/인테리어>DIY자재/용품>데코스티커,50001066,데코스티커,Fixed (Phase2)
13270157140,고양이 밈 노트북 캐리어 방수 스티커 50장 세트,,가구/인테리어>DIY자재/용품>데코스티커,50001066,데코스티커,Fixed (Phase2)
13270156943,강아지 밈 노트북 캐리어 방수 스티커 50장 세트,,가구/인테리어>DIY자재/용품>데코스티커,50001066,데코스티커,Fixed (Phase2)
13270156681,동물 캐릭터 노트북 캐리어 방수 스티커 50장 세트,,가구/인테리어>DIY자재/용품>데코스티커,50001066,데코스티커,Fixed (Phase2)
13270156462,빈티지 우표 노트북 캐리어 방수 스티커 50장 세트,,가구/인테리어>DIY자재/용품>데코스티커,50004598,홈버튼스티커,Fixed (Phase2)
13270156244,스포츠 자동차 노트북 캐리어 방수 스티커 50장 세트,,가구/인테리어>DIY자재/용품>데코스티커,50001066,데코스티커,Fixed (Phase2)
13265140728,미니화분 소형 7cm 블랙 5p세트 받침대포함,,생활/건강>원예/식물>미니화분,50001790,미니화분,Fixed (Phase2)
13265140541,미니화분 소형 7cm 화이트 5p세트 받침대포함,,생활/건강>원예/식물>미니화분,50001790,미니화분,Fixed (Phase2)
13265139757,미니화분 대형 10cm 블랙 5p세트 받침대포함,,생활/건강>원예/식물>미니화분,50001790,미니화분,Fixed (Phase2)
13265139573,미니화분 대형 10cm 화이트 5p세트 받침대포함,,생활/건강>원예/식물>미니화분,50001790,미니화분,Fixed (Phase2)
13265138923,2026년 다육화분 정리함 달력 만들기,,출산/육아>완구/인형>미술놀이>종이접기,50006998,종이접기,Fixed (Phase2)
13265136762,드릴 비트 세트 별렌치 육각 스크류 십자 50mm,,생활/건강>공구>전동공구>비트세트,50003391.0,생활/건강 > 공구 > 수작업공구 > 드라이버,Mismatch
13261048022,블링블링 큐빅 테니스 목걸이 팔찌 귀걸이 세트,,패션잡화>주얼리>목걸이>패션목걸이,50004174,패션목걸이,Fixed (Phase2)
13256831501,육각 십자 일자 정비 도구 베셀 비트 드라이버 세트,,생활/건강>공구>전동공구>비트세트,50003406,비트세트,Fixed (Phase2)
13256831131,그리기 화분 M,,생활/건강>정원/원예용품>화분,1312080000.0,취미/도서 > 원예/식물 > 화분용품 > 화분,Mismatch
13256830058,와이어 브러쉬 세트 나일론 철 황동 구리 스틸 BF408,,생활/건강>공구>접착용품>세정제/클리너,50003461,세정제/클리너,Fixed (Phase2)
13256829680,심플 1칸 투명 아크릴 브러쉬 연필 필기구 보관함,,생활/건강>생활용품>생활선물세트,50000244.0,화장품/미용 > 뷰티소품 > 메이크업브러쉬,Mismatch
13256828855,DIY용 공구 민자 평집게 + 오링반지 1P 세트,,생활/건강>공구>수작업공구>플라이어,120031000.0,패션잡화 > 주얼리 > 반지 > 패션반지,Mismatch
13256828591,원예 페트병 압축 안개 분사 노즐 분무기 헤드 분사기 화분 화단 물 뿌리개 스프레이 M10852,,생활/건강>공구>원예공구>압축분무기,50003378,기타원예공구,Fixed (Phase2)
13256826592,주방 스텐 스테인레스 빨대 주전자 젖병 물병 물통 좁은 틈새 입구 청소 설거지 솔 브러쉬 4종 세트 M10678,,생활/건강>주방용품>주방잡화>기타주방잡화,50000244.0,화장품/미용 > 뷰티소품 > 메이크업브러쉬,Mismatch
13256826058,만들기도구 아이스크림 클레이 만들기세트 세트 공예 창의력놀이 홈패브릭 비즈,,가구/인테리어>인테리어소품>미술작품>공예디자인,50006788,공예디자인,Fixed (Phase2)
13256824534,대나무 2단 선반 책진열 화분 인테리어 선반 정리대,,가구/인테리어>수납가구>선반,1312080000.0,취미/도서 > 원예/식물 > 화분용품 > 화분,Mismatch
13256823930,플유 헤어빗 꾸미기 세트 랜덤 1개 볼꾸 동대문 빗꾸 펜꾸 꾸미기 재료 비즈볼,,생활/건강>반려동물>미용/목욕>브러시/빗,1311190000.0,완구/취미 > 만들기/DIY > 비즈공예,Mismatch
13256821162,쿠션 스티커 8개 세트 볼록 말랑 데코 꾸미기 팬시 단체 선물,,생활/건강>문구/사무용품>문구용품>기타문구용품,1001120000.0,문구/사무용품 > 스티커/라벨 > 스티커,Mismatch
13252093380,니트 해바라기 화분 장식 풍수 행운 장식 소품 선물,,가구/인테리어>인테리어소품>장식인형,50001069,장식인형,Fixed (Phase2)
13252092783,판다 피규어 만년샤프 (6개),,생활/건강>문구/사무용품>필기도구>샤프,1307040700.0,취미/도서 > 완구/피규어 > 피규어,Mismatch
13252088686,손잡이 캐치 라켓볼 세트 (1set) 핑퐁 핸드라켓 미니스포츠,,출산/육아>완구/인형>스포츠완구>야구/캐치볼,50004271,야구/캐치볼,Fixed (Phase2)
13252087943,다용도 화분 자갈 야광 수족관 조경 장식 색자갈 상토,,생활/건강>정원/원예용품>자갈/모래/흙,1312080000.0,취미/도서 > 원예/식물 > 화분용품 > 화분,Mismatch
13252087577,베란다 텃밭 화분+받침대세트 채소 상추 대파키우기,,생활/건강>정원/원예용품>화분,50001790,미니화분,Fixed (Phase2)
13252087205,와인수납 화분 14x22cm 벽걸이 카페인테리어소품,,생활/건강>정원/원예용품>화분,50001790,미니화분,Fixed (Phase2)
13252086993,다용도 화분 자갈 야광 혼합컬러 원예용 색자갈,,생활/건강>정원/원예용품>자갈/모래/흙,1312080000.0,취미/도서 > 원예/식물 > 화분용품 > 화분,Mismatch
13252086439,베란다 브라켓 선반 수납 받침대 멀티 창틀 다용도 화분,,생활/건강>수납/정리용품>선반/진열대>스탠드선반/진열대,50005260,스탠드선반/진열대,Fixed (Phase2)
13252086258,브라켓 멀티 다용도 베란다 화분 수납 창틀 1+1 선반,,생활/건강>수납/정리용품>선반/진열대>스탠드선반/진열대,50005260,스탠드선반/진열대,Fixed (Phase2)
13252086090,마카 에어브러쉬 키트 세트 1P 전동 스프레이 18색 컬러 아트,,생활/건강>화방용품>조소/판화용품>조소용품,50003905,조소용품,Fixed (Phase2)
13252085340,비즈수납케이스 개별 64P 케이스 세트 수납 다용도미니수납케이스,,생활/건강>반려동물>리빙용품>하우스,50006726,하우스,Fixed (Phase2)
13252084977,와인수납 화분 벽걸이 카페인테리어소품 14x22cm,,생활/건강>정원/원예용품>화분,50001790,미니화분,Fixed (Phase2)
13252084602,받침대 멀티 화분 선반 창틀 다용도 베란다 브라켓 수납,,생활/건강>수납/정리용품>선반/진열대>스탠드선반/진열대,50005260,스탠드선반/진열대,Fixed (Phase2)
13252084417,수납 브라켓 1+1 선반 창틀 다용도 멀티 화분 베란다,,생활/건강>수납/정리용품>선반/진열대>스탠드선반/진열대,1408040000.0,스포츠/레저 > 배드민턴 > 배드민턴라켓,Mismatch
13252083476,플유 헤어빗 꾸미기 세트 1박스 12개입 볼꾸 동대문 빗꾸 펜꾸 꾸미기 재료 비즈볼,,생활/건강>반려동물>미용/목욕>브러시/빗,1311190000.0,완구/취미 > 만들기/DIY > 비즈공예,Mismatch
13252078931,세면대 벽걸이 고정 브라켓 세트 욕실 세면기 지지대 부속품 30cm,,가구/인테리어>DIY자재/용품>접착제/보수용품,50001067,접착제/보수용품,Fixed (Phase2)
13252077368,만들기대장 얼굴화분 꾸미기세트 다육식물,,출산/육아>완구/인형>미술놀이>색칠공부,50004253,색칠공부,Fixed (Phase2)
13252077016,꾸미기세트 만들기대장-다육식물 달팽이화분,,출산/육아>완구/인형>미술놀이>종이접기,50006998,종이접기,Fixed (Phase2)
13252076511,6종 글씨스티커 스티커꾸미기 다이어리 세트 스티커,,디지털/가전>주변기기>프린터>라벨프린터,1001120000.0,문구/사무용품 > 스티커/라벨 > 스티커,Mismatch
13252075812,만들기대장 얼굴화분 다육식물 꾸미기세트,,출산/육아>완구/인형>미술놀이>색칠공부,50004253,색칠공부,Fixed (Phase2)
13252071960,몬스테라 줄기 식물지지대 화분 식물 고정 지지대,,생활/건강>정원/원예용품>원예부자재,50001796,원예부자재,Fixed (Phase2)
13252068782,동물 운반 캐리어 자동차 공구 놀이 피규어 세트 역할 단체 선물 장난감,,생활/건강>수집품>무선/RC>자동차,50002766,기타자동차AV용품,Fixed (Phase2)
13252068543,피규어 카트리지 연필세트 20개입 학생 필기구 문구 단체 선물 답례품,,생활/건강>문구/사무용품>필기도구>연필,1307040700.0,취미/도서 > 완구/피규어 > 피규어,Mismatch
13252061290,무타공 창틀 선반 1+1 베란다 화분 거치대 다용도 벽선반 수납대,,생활/건강>수납/정리용품>선반/진열대>스탠드선반/진열대,1312080000.0,취미/도서 > 원예/식물 > 화분용품 > 화분,Mismatch
13247130024,리본도트 집순이 잠옷세트 여성 파자마 상하의 세트 도트무늬 실내복 귀여운 홈웨어 편안한 숙면 잠옷 데일,,패션의류>여성언더웨어/잠옷>시즌성내의>내복,12161905.0,문구/사무용품 > 포장용품 > 리본/장식끈,Mismatch
13247128308,자석형 종이컵 디스펜서 수거함 세트 벽걸이 컵홀더 정리대,,생활/건강>주방용품>주방잡화>종이컵디스펜서,50004839,종이컵디스펜서,Fixed (Phase2)
13247126588,청량 블루 리본 순면 팬티 5개 세트 여성용 면 팬티 세트 시원한 블루 컬러 속옷 리본 포인트 언더웨어,,패션의류>여성언더웨어/잠옷>팬티,50000824,팬티,Fixed (Phase2)
13247119466,어린이 아동 DIY 비즈 파츠 볼꾸 볼펜 꾸미기 세트,,출산/육아>완구/인형>미술놀이>색칠공부,50004253,색칠공부,Fixed (Phase2)
13247118575,생화 화분 가꾸기 키트 - 1인세트,,생활/건강>원예/식물>플라워소품만들기,50006880,플라워소품만들기,Fixed (Phase2)
13247116571,가드닝소품 화분꾸미기 선인장 픽 화분 마블,,생활/건강>공구>원예공구>기타원예공구,50003378,기타원예공구,Fixed (Phase2)
13247116353,화분꾸미기 화분 화분키우기 자동물주기 자동급수기 원예용품 화이트 텃밭물주기 6p,,생활/건강>공구>원예공구>기타원예공구,50003378,기타원예공구,Fixed (Phase2)
13247116135,소품 화단장식 어항꾸미기 화분 테라리움 4개,,생활/건강>공구>원예공구>기타원예공구,50003378,기타원예공구,Fixed (Phase2)
13247115727,화분 데코 화분꾸미기 5cm 픽 화분장식인형,,생활/건강>수집품>모형/프라모델/피규어>피규어,50007028,피규어,Fixed (Phase2)
13247115089,꾸미기세트 사자화분 만들기대장-다육식물,,출산/육아>완구/인형>미술놀이>종이접기,50006998,종이접기,Fixed (Phase2)
13247114495,꾸미기세트 만들기대장-다육식물 조리개화분,,출산/육아>완구/인형>미술놀이>종이접기,50006998,종이접기,Fixed (Phase2)
13247114168,만들기대장-다육식물 달팽이화분 꾸미기세트,,출산/육아>완구/인형>미술놀이>종이접기,50006397,미술교구,Fixed (Phase2)
13247110580,식물 정리 몬스테라 줄기 식물지지대 화분 지지대,,생활/건강>정원/원예용품>원예부자재,50001796,원예부자재,Fixed (Phase2)
13247109155,공구 드라이버 세트 130 in 1 십자 일자 별 육각 비트 정밀 드라이버 IH778,,생활/건강>공구>전동공구>기타전동공구,50003417,기타전동공구,Fixed (Phase2)
13247107089,마더보드 청소용 와이어 브러쉬 세트 불순물제거 PCB BF405,,생활/건강>공구>접착용품>세정제/클리너,50003461,세정제/클리너,Fixed (Phase2)
13247106474,멀티 클리닝 툴 세트 브러쉬 클리너 먼지제거 키보드 이어폰 BF449,,생활/건강>청소용품>테이프클리너,50000244.0,화장품/미용 > 뷰티소품 > 메이크업브러쉬,Mismatch
13247105612,플라스틱 원예 꽃삽 미니삽 화분 분갈이 흙삽 가드닝 식물키우기 원예도구,,생활/건강>원예/식물>미니화분,1312080000.0,취미/도서 > 원예/식물 > 화분용품 > 화분,Mismatch
13247104188,부활절 데코 스티커 2종 세트 다이어리 꾸미기 폰꾸 포인트 장식 계란 테마,,생활/건강>문구/사무용품>스티커>다꾸스티커,1001120000.0,문구/사무용품 > 스티커/라벨 > 스티커,Mismatch
13247103527,입체 데코 스티커 6개 세트 비즈 포인트 꾸미기 다꾸 팬시 답례품 단체 선물,,생활/건강>문구/사무용품>스티커>다꾸스티커,1311190000.0,완구/취미 > 만들기/DIY > 비즈공예,Mismatch
13247102683,핑퐁 라켓볼 세트 2개 배틀 놀이 스포츠 장난감 단체 선물 완구,,생활/건강>문구/사무용품>문구용품>기타문구용품,1408040000.0,스포츠/레저 > 배드민턴 > 배드민턴라켓,Mismatch
13247101619,3D 입체 데코 스티커 6개 세트 볼록 꾸미기 다이어리 팬시 답례품 단체 선물,,생활/건강>문구/사무용품>스티커>다꾸스티커,50004598,홈버튼스티커,Fixed (Phase2)
13247101183,고양이 피규어 연필깎이 8개 세트 휴대용 수동 미니 답례품 단체 선물,,생활/건강>문구/사무용품>필기도구>연필깎이,1307040700.0,취미/도서 > 완구/피규어 > 피규어,Mismatch
13247096281,12색 블록 색연필 20개입 조립형 미술 놀이 색칠공부 단체 선물 세트,,생활/건강>화방용품>애니메이션용품>펜촉/펜대,50003896.0,생활/건강 > 문구/사무용품 > 화방용품 > 색연필,Mismatch
13247093287,피규어 스탬프 4개 세트 응원 칭찬 도장 만년스탬프 학교 답례품 단체 선물,,생활/건강>문구/사무용품>문구용품>스테이플러/침,1307040700.0,취미/도서 > 완구/피규어 > 피규어,Mismatch
13247093083,36색 블랙우드 색연필 세트 드로잉 스케치 색칠 놀이 미술 단체 선물,,생활/건강>화방용품>애니메이션용품>펜촉/펜대,50003896.0,생활/건강 > 문구/사무용품 > 화방용품 > 색연필,Mismatch
13247092636,캔디 토이 구디백 선물 꾸러미 비즈 주물럭 기념품 세트 답례품 간식,,출산/육아>완구/인형>음악/악기놀이>마이크/노래방,50002001,사탕,Fixed (Phase2)
13247092000,큐빅 비즈 보석 스티커 36개 세트 데코 꾸미기 다이어리 포인트 답례품 단체 선물,,생활/건강>문구/사무용품>스티커>다꾸스티커,50004598,홈버튼스티커,Fixed (Phase2)
13247091610,홀로그램 젤리 스티커 8개 세트 볼록 입체 데코 꾸미기 팬시 답례품 단체 선물,,생활/건강>문구/사무용품>스티커>다꾸스티커,1001120000.0,문구/사무용품 > 스티커/라벨 > 스티커,Mismatch
13247078255,무타공 창틀 거치대 다용도 선반 베란다 화분 정리대 수납대,,생활/건강>수납/정리용품>선반/진열대>스탠드선반/진열대,50005260,스탠드선반/진열대,Fixed (Phase2)
13247066451,눈썹 메이크업 가이드 3종 세트,,화장품/미용>뷰티소품>아이소품>기타아이소품,50000244.0,화장품/미용 > 뷰티소품 > 메이크업브러쉬,Mismatch
13247065941,공구 정밀 드라이버 세트 나사 스크류 버세트 라쳇 가저용 가정용 61 종공구,,생활/건강>공구>수작업공구>드라이버,50003387,공구세트,Fixed (Phase2)
13247064255,화분정리 스텐드 클리어 화분받침대 화분,,생활/건강>정원/원예용품>화분받침,50001803,화분받침,Fixed (Phase2)
13247064022,화분정리 화분받이 스텐드 클리어 화분,,생활/건강>정원/원예용품>화분받침,50001803,화분받침,Fixed (Phase2)
13247061264,젤 네일 아트 붓 브러쉬 재료 15종 세트 DD-11803,,화장품/미용>네일케어>네일아트,50000403,네일아트,Fixed (Phase2)
13241635258,다이아 셀프네일 아트 세트 24 pcs 웨딩 젤 디자인 붙이는 스티커 젤네일팁 재료,,화장품/미용>네일케어>네일아트,50000403,네일아트,Fixed (Phase2)
13241635055,정밀 드라이버 115종 공구 세트 분해 조립 멀티 버세트 가정용 일자 십자드라이버,,생활/건강>공구>수작업공구>드라이버,50003391.0,생활/건강 > 공구 > 수작업공구 > 드라이버,Mismatch
13241634838,다용도 수족관 청소 도구 세트 5종 스크 래퍼 뜰채 포함 어항 수조 브러시 물고기,,생활/건강>관상어용품>수조청소용품,50000382,수조청소용품,Fixed (Phase2)
13241632783,뿌리가 숨쉬는 대형 블루베리 그로우백 부직포 화분 5호,,생활/건강>정원/원예용품>화분,50001790,미니화분,Fixed (Phase2)
13241629222,화분 화분정리 스텐드 거실화분정리대 60x14x20,,생활/건강>정원/원예용품>화분받침,50001803,화분받침,Fixed (Phase2)
13241628178,거실화분정리대 미니 화분진열대 스텐 스텐드 화분,,생활/건강>정원/원예용품>화분받침,50001803,화분받침,Fixed (Phase2)
13241627738,원목화분받침대 화분 화분정리대 250mm 받침대,,생활/건강>정원/원예용품>화분받침,50001803,화분받침,Fixed (Phase2)
13241627509,토분받침대 받침대 화분 화분정리대 대형,,생활/건강>정원/원예용품>화분받침,50001803,화분받침,Fixed (Phase2)
13241627290,스텐드 원형화분받침대 화분 화분정리대 11cm,,생활/건강>정원/원예용품>화분받침,50001803,화분받침,Fixed (Phase2)
13241626786,미니 화분정리 화분거치대 스텐 스텐드 화분,,생활/건강>정원/원예용품>화분받침,50001803,화분받침,Fixed (Phase2)
13241624309,먼작귀 12색 미니 원목 색연필 (랜덤발송),,생활/건강>문구/사무용품>필기도구>사인펜,50004252,색연필,Fixed (Phase2)
13241623918,롯데 ABC초콜릿 ABC 초코 829g x 2개,,식품>과자/베이커리>초콜릿,50002000,초콜릿,Fixed (Phase2)
13241623708,롯데 ABC초콜릿 ABC 초코 829g,,식품>과자/베이커리>초콜릿,50002000,초콜릿,Fixed (Phase2)
13241622878,듀얼팁 브러쉬펜 붓 마커펜 48색 세트 DD-13167,,생활/건강>문구/사무용품>필기도구>보드마카,50000244.0,화장품/미용 > 뷰티소품 > 메이크업브러쉬,Mismatch
13241621665,식물 집게 원예 화분 고정 지지 핀 소형 10P DD-12935,,생활/건강>정원/원예용품>원예부자재,50001796,원예부자재,Fixed (Phase2)
13241621366,화분 식물 줄기 고정기 지지대 4개입 DD-12882,,생활/건강>정원/원예용품>원예부자재,50001802,화분대,Fixed (Phase2)
13241620062,화분커버 소 흙날림 흙장난방지 화분 덮개 DD-12165,,생활/건강>정원/원예용품>화분,1312080000.0,취미/도서 > 원예/식물 > 화분용품 > 화분,Mismatch
13241619866,화분커버 중 흙날림 흙장난방지 화분 덮개 DD-12166,,생활/건강>정원/원예용품>화분,1312080000.0,취미/도서 > 원예/식물 > 화분용품 > 화분,Mismatch
13241619568,화분커버 대 흙날림 흙장난방지 화분 덮개 DD-12167,,생활/건강>정원/원예용품>화분,1312080000.0,취미/도서 > 원예/식물 > 화분용품 > 화분,Mismatch
13241619280,토양 수분측정기 화분 물주기 수분측정계 DD-12193,,생활/건강>공구>측정공구>기타측정기,50003439,기타측정기,Fixed (Phase2)
13241618038,배드민턴 셔틀콕 혼합 컬러 공 12개 세트 DD-12368,,스포츠/레저>배드민턴>셔틀콕,1408010000.0,스포츠/레저 > 배드민턴 > 배드민턴용품/소품,Mismatch
13241617811,흙 날림방지 화분 덮개 코코넛 커버 대 10P DD-12420,,생활/건강>정원/원예용품>화분,50001790,미니화분,Fixed (Phase2)
13241617579,흙 날림방지 화분 덮개 코코넛 커버 소 10P DD-12418,,생활/건강>정원/원예용품>원예부자재,50001790,미니화분,Fixed (Phase2)
13241615671,원예 화분 물뿌리개 물 조리개 물주기 2L DD-11929,,생활/건강>정원/원예용품>물조리개,1312080000.0,취미/도서 > 원예/식물 > 화분용품 > 화분,Mismatch
13241613918,정밀 자성 십자 드라이버 비트 세트 6P 공구함,,생활/건강>공구>전동공구>비트세트,50002668,드라이버,Fixed (Phase2)
13241611441,조지아 오리지날 240ml 캔커피 30캔 세트 사무실 간식 음료,,식품>음료>커피>커피믹스/인스턴트커피,50002605,커피음료,Fixed (Phase2)
13241611160,넘버락 번호키 자물쇠 4자리 3개 세트 창고 사물함,,생활/건강>생활용품>보안용품>자물쇠/열쇠,50002709,자물쇠/열쇠,Fixed (Phase2)
13241609972,공구 드라이버 세트 17 in 1 십자 일자 별 비트 정밀 드라이버 스마트폰 수리,,생활/건강>공구>수작업공구>드라이버,50003391.0,생활/건강 > 공구 > 수작업공구 > 드라이버,Mismatch
13241609527,정밀 드라이버 세트 6P 정밀공구 수리도구,,생활/건강>공구>수작업공구>드라이버,50002668,드라이버,Fixed (Phase2)
13241609314,화분 받침 바퀴 4개 바퀴수리 이동식화분,,생활/건강>정원/원예용품>화분받침,1312080000.0,취미/도서 > 원예/식물 > 화분용품 > 화분,Mismatch
13241609100,15 in 1 스크류 드라이버 세트 십자 일자 별 교환식 간편 수리 공구 키트 전자 제품 분해 조립 등,,생활/건강>공구>수작업공구>드라이버,50021419,트렌치코트,Fixed (Phase2)
13241608422,미니 원예도구 3종 세트 화분 정원 삽 손갈퀴 가드닝도구,,생활/건강>공구>원예공구>기타원예공구,50003371,농기구,Fixed (Phase2)
13241607116,자동차 휠크리너 세차 용품 타이어 브러쉬 세트 차량용 휠 청소 도구 디테일링 세차 브러시 휠 세척 관리,,생활/건강>자동차용품>세차용품>실내세정제,50003945,실내세정제,Fixed (Phase2)
13241606906,다용도 81 드라이버 세트 가정용 공구 필수 아이템 정밀 드라이버 세트 집수리 도구 멀티 공구함 수리 공구,,생활/건강>공구>수작업공구>드라이버,50002668,드라이버,Fixed (Phase2)
13241602616,화분 식물 넝쿨 격자 지지대 2P,,생활/건강>원예/식물>플라워소품만들기,50006880,플라워소품만들기,Fixed (Phase2)
13236053138,형 배드민턴 그립 5컬러 세트 그라데이션 오버 테이프 라켓 손잡이 밴드,,스포츠/레저>배드민턴>그립,50004640,핸드그립,Fixed (Phase2)
13236043898,오토바이세차세트 극세사세차도구 오토바이세차브러쉬 바이크 세트 도구 스펀지 걸레 오토바이 용품 세차,,스포츠/레저>오토바이/스쿠터>오토바이부품>기타오토바이부품,50000244.0,화장품/미용 > 뷰티소품 > 메이크업브러쉬,Mismatch
13236043223,봄꽃화분 20x34cm 화분 타원형 이쁜화분,,생활/건강>정원/원예용품>화분,50001790,미니화분,Fixed (Phase2)
13236042770,봄꽃화분 16x16x17cm 가을꽃화분 몰딩 화분,,생활/건강>정원/원예용품>화분,50001790,미니화분,Fixed (Phase2)
13236042580,극세사 극세사세차도구 오토바이세차세트 세차용브러쉬 브러쉬 스펀지 도구 세차 세트 걸레 바이크 오토바,,스포츠/레저>오토바이/스쿠터>오토바이부품>기타오토바이부품,50000244.0,화장품/미용 > 뷰티소품 > 메이크업브러쉬,Mismatch
13236039974,초등학생 24색 핑크 준비물 샤프식 색연필 신학기 세트,,출산/육아>완구/인형>미술놀이>색연필,50003896.0,생활/건강 > 문구/사무용품 > 화방용품 > 색연필,Mismatch
13236038385,클린브로 세차타월 세차타올 먼지 브러쉬 세트 자동차 월 드라잉타올 워시미트 세차 차량용 걸레,,생활/건강>자동차용품>세차용품>세차타월,50003944,세차타월,Fixed (Phase2)
13236037386,차량용 디테일링 세차 브러쉬 5종 자동차 용품 브러쉬 용 휠 세트 세차 셀프 솔,,생활/건강>자동차용품>세차용품>실내세정제,50003939,차량용브러시,Fixed (Phase2)
13236036426,스타빌로 우디 3IN1 듀오 색연필 10색 세트,,출산/육아>완구/인형>미술놀이>색연필,50003896.0,생활/건강 > 문구/사무용품 > 화방용품 > 색연필,Mismatch
13236029902,탁구 라켓 쉐이크 핸드 탁구공 탁구채 세트 DD-11578,,스포츠/레저>탁구>탁구라켓,50001448,탁구라켓,Fixed (Phase2)
13236028913,스포츠 배드민턴 라켓 배드민턴채 가방 세트 DD-11447,,스포츠/레저>배드민턴>배드민턴라켓,50001349,배드민턴라켓,Fixed (Phase2)
13236028443,화분 자동급수기 식물 꽃 화분물주기 2P DD-11429,,생활/건강>정원/원예용품>물조리개,50003372,압축분무기,Fixed (Phase2)
13236028006,원예 식물 화분 급수기 원예용 자동급수기 DD-10184,,생활/건강>정원/원예용품>물조리개,50001796,원예부자재,Fixed (Phase2)
13236027801,빨대 세척솔 설거지 세척브러쉬 10p 세트 DD-09962,,생활/건강>주방용품>주방잡화>수세미,50004826,수세미,Fixed (Phase2)
13236027249,원예용 텃밭 화분 모종삽 원예도구 3종 세트 DD-10408,,생활/건강>공구>원예공구>기타원예공구,50002371,전동칫솔,Fixed (Phase2)
13236026851,공구 조립 미니 드라이버 파우치 세트 DD-10300,,생활/건강>공구>수작업공구>드라이버,50002668,드라이버,Fixed (Phase2)
13236026250,원예용 화분 분갈이 방수 매트 DD-10683,,생활/건강>정원/원예용품>원예부자재,50001796,원예부자재,Fixed (Phase2)
13236026040,화분 바닥 구멍 원형 깔망 배수망 小 10P DD-10616,,생활/건강>정원/원예용품>원예부자재,50001790,미니화분,Fixed (Phase2)
13236025845,화분 바닥 구멍 원형 깔망 배수망 中 10P DD-10616,,생활/건강>정원/원예용품>원예부자재,50001790,미니화분,Fixed (Phase2)
13236025433,원예 화분 가꾸기 미니 모종삽 3종 세트 DD-10754,,생활/건강>공구>원예공구>기타원예공구,50003371,농기구,Fixed (Phase2)
13236023760,화분 자동 급수 장치 10개입 DD-10920,,생활/건강>정원/원예용품>물조리개,50001796,원예부자재,Fixed (Phase2)
13236021787,31P 휴대용 멀티 드라이버 공구 세트 DD-11131,,생활/건강>공구>수작업공구>드라이버,50002668,드라이버,Fixed (Phase2)
13236021583,휴대용 멀티 미니 드라이버 공구 16 세트 DD-11132,,생활/건강>공구>수작업공구>드라이버,50003387,공구세트,Fixed (Phase2)
13236021382,작업용 정밀 미니 드라이버 공구 115 세트 DD-11133,,생활/건강>공구>수작업공구>드라이버,50003387,공구세트,Fixed (Phase2)
13236020975,플유 볼펜 꾸미기 세트 한박스 12개입 볼꾸 동대문 펜꾸 꾸미기 재료 비즈볼,,생활/건강>문구/사무용품>필기도구>볼펜,1311190000.0,완구/취미 > 만들기/DIY > 비즈공예,Mismatch
13236018782,물방울 핑거퍼프 2개입 미니 메이크업 스펀지 잡티 커버 도구 세트,,화장품/미용>색조메이크업>색조메이크업세트,50000401,색조메이크업세트,Fixed (Phase2)
13236017737,다용도 3종 미니 와이어브러시 세트 스틸 구리 나일론 녹제거 솔,,생활/건강>공구>수작업공구>기타수작업공구,50000244.0,화장품/미용 > 뷰티소품 > 메이크업브러쉬,Mismatch
13236016892,인테리어 가드닝 물뿌리개 1L 화분 물주기 원예용 물통,,생활/건강>정원/원예용품>물조리개,50001794,물조리개,Fixed (Phase2)
13236016137,자석 십자 일자 드라이버 세트 다용도 수공구 나사 조립 공구 2종,,생활/건강>공구>수작업공구>드라이버,50002668,드라이버,Fixed (Phase2)
13236015898,식물 관수용 새 모양 자동 물주기 화분 급수 장치 인테리어 소품,,생활/건강>정원/원예용품>화분,50001790,미니화분,Fixed (Phase2)
13236015683,벚꽃 노트북 핸드폰 꾸미기 다꾸 플라워 조각스티커 세트 27P,,생활/건강>문구/사무용품>스티커>다꾸스티커,50004598,홈버튼스티커,Fixed (Phase2)
13236015248,벚꽃 노트북 핸드폰 꾸미기 다꾸 플라워 조각스티커 세트 30P,,생활/건강>문구/사무용품>스티커>다꾸스티커,50004598,홈버튼스티커,Fixed (Phase2)
13231086337,좁은 공간 다목적 라쳇 드라이버 세트 자동차 정비 비트 소켓 공구함,,생활/건강>공구>수작업공구>드라이버,50002668,드라이버,Fixed (Phase2)
13231085024,정밀 핀셋 세트 6PCS 정전기방지 네일 비즈공예 수리 쪽집게 BD876,,생활/건강>공구>수작업공구>기타수작업공구,50003404,기타수작업공구,Fixed (Phase2)
13231083964,분갈이 매트 원예용 화분 다용도 매트 (중형),,생활/건강>정원/원예용품>자갈/모래/흙,50004843,기타주방잡화,Fixed (Phase2)
13231081573,그레이 식물 화분 재배 부직포 베란다 중형,,생활/건강>정원/원예용품>화분,1312080000.0,취미/도서 > 원예/식물 > 화분용품 > 화분,Mismatch
13227183010,Prokit(SD-9815) 드라이버 세트(6PCS) 정밀 십자 일자 T0779,,생활/건강>공구>전동공구>기타전동공구,50003391.0,생활/건강 > 공구 > 수작업공구 > 드라이버,Mismatch
13227182311,정밀 핀셋 세트 9PCS 정전기방지 네일 비즈공예 수리 쪽집게 BD852,,생활/건강>공구>수작업공구>기타수작업공구,50003402,핀셋,Fixed (Phase2)
13227181752,드라이버 세트 비트 수납형 십자 일자 정밀 회전 헤드 멀티 공구 BF228,,생활/건강>공구>전동공구>기타전동공구,50003417,기타전동공구,Fixed (Phase2)
13227180917,Prokit(SD-9826) 전기작업용 스크류 드라이버 세트 PK298,,생활/건강>공구>전동공구>기타전동공구,50003391.0,생활/건강 > 공구 > 수작업공구 > 드라이버,Mismatch
13227180746,방울토마토 씨앗심기 씨드볼 미니화분 흙 패키지,,생활/건강>원예/식물>미니화분,1312080000.0,취미/도서 > 원예/식물 > 화분용품 > 화분,Mismatch
13227178630,식물영양제 화분 원예 뿌리활력제 1박스(20개) -PP205,,패션의류>여성의류>원피스,1312080000.0,취미/도서 > 원예/식물 > 화분용품 > 화분,Mismatch
13223036158,PP-5202 미니어처 화분 장식 테라리움 재료 토끼 12종세트 꾸미기 식물 데코,,가구/인테리어>인테리어소품>기타장식용품,50000968,기타장식용품,Fixed (Phase2)
13223033535,선반 브라켓 창틀 수납 화분 다용도 멀티 베란다 받침대,,생활/건강>수납/정리용품>선반/진열대>스탠드선반/진열대,50005260,스탠드선반/진열대,Fixed (Phase2)
13223033369,화분 다용도 수납 선반 브라켓 창틀 베란다 멀티 1+1,,생활/건강>수납/정리용품>선반/진열대>스탠드선반/진열대,50005260,스탠드선반/진열대,Fixed (Phase2)
13223033155,화분부직포 5P 4호 H30cm D40cm,,생활/건강>정원/원예용품>화분,1312080000.0,취미/도서 > 원예/식물 > 화분용품 > 화분,Mismatch
13223029187,화분 선인장화분 사각 다육이 소형화분 작은화분,,생활/건강>정원/원예용품>화분,50001790,미니화분,Fixed (Phase2)
13223027076,원형 식물 화분 지지대,,생활/건강>정원/원예용품>원예부자재,1312080000.0,취미/도서 > 원예/식물 > 화분용품 > 화분,Mismatch
13223026906,원예용 방수 화분 분갈이 매트 100x100cm,,생활/건강>정원/원예용품>원예부자재,50001796,원예부자재,Fixed (Phase2)
13223025684,봄꽃화분 18x18x18cm 화분 도기 선인장화분,,생활/건강>정원/원예용품>화분,50001790,미니화분,Fixed (Phase2)
13223025521,30x35 화분 수지 선인장화분 작은꽃화분 원통,,생활/건강>정원/원예용품>화분,50001790,미니화분,Fixed (Phase2)
13223025352,화분 선인장화분 사무실화분 33x26cm 포트,,생활/건강>정원/원예용품>화분,50001790,미니화분,Fixed (Phase2)
13223025156,화산석 화분 선인장화분 20x12cm 튼튼한화분,,생활/건강>정원/원예용품>화분,50001790,미니화분,Fixed (Phase2)
13223024968,선인장화분 사무실화분 화분 23x23x32 수지,,생활/건강>정원/원예용품>화분,1312080000.0,취미/도서 > 원예/식물 > 화분용품 > 화분,Mismatch
13223024798,스텐드 도자기꽃화분 2구 화분 선인장화분 우드,,생활/건강>정원/원예용품>화분,1312080000.0,취미/도서 > 원예/식물 > 화분용품 > 화분,Mismatch
13223024629,베란다화분 화분 선인장화분 29x50cm 롱팟,,생활/건강>정원/원예용품>화분,50001790,미니화분,Fixed (Phase2)
13223024456,화이트 그래니트 화분 분재 다육이화분 선인장화분,,생활/건강>정원/원예용품>화분,50001790,미니화분,Fixed (Phase2)
13223024297,23x23 화분 수지 오각 선인장화분 긴화분,,생활/건강>정원/원예용품>화분,50001790,미니화분,Fixed (Phase2)
13223024103,화분 선인장화분 스텐드 도자기꽃화분 우드 3구,,생활/건강>정원/원예용품>화분,50001790,미니화분,Fixed (Phase2)
13223021778,전동드릴용 철브러쉬 5p 세트 녹제거 드릴 브러쉬,,생활/건강>청소용품>솔,50000828,러닝/캐미솔,Fixed (Phase2)
13223021324,자동급수 저면관수 화분 자동물주기 13x14cm,,생활/건강>정원/원예용품>화분,50001790,미니화분,Fixed (Phase2)
13223021168,자동급수 저면관수 화분 자동물주기 11x12cm,,생활/건강>정원/원예용품>화분,50001790,미니화분,Fixed (Phase2)
13223021007,화분 식물고정클립 식물 고정 지지대 (50P),,생활/건강>정원/원예용품>자갈/모래/흙,1312080000.0,취미/도서 > 원예/식물 > 화분용품 > 화분,Mismatch
13223020663,자동급수 저면관수 화분 자동물주기 16.6x17cm,,생활/건강>정원/원예용품>화분,50001790,미니화분,Fixed (Phase2)
13223020153,마더보드 청소용 브러쉬 세트 불순물 제거 PCB IK027,,디지털/가전>PC액세서리>클리너,50001577,클리너,Fixed (Phase2)
13223019978,핀셋 세트(8pcs) 정밀 핀셋 정전기 방지 네일아트 비즈공예 쪽집게 ID670,,생활/건강>공구>수작업공구>기타수작업공구,50003402,핀셋,Fixed (Phase2)
13223019172,세안 헤어밴드 귀여운 극세사 리본 세트,,패션잡화>헤어액세서리>헤어밴드,50000560,헤어밴드,Fixed (Phase2)
13223018646,식물이름표 수목명찰 나무팻말 하트 라벨 네임택 꽃 화분,,생활/건강>정원/원예용품>원예부자재,1312080000.0,취미/도서 > 원예/식물 > 화분용품 > 화분,Mismatch
13223018455,FEJKA 페이카 인조 다육 식물 다육이 화분 인테리어 6cm 3개 소품 미니,,생활/건강>수납/정리용품>선반/진열대>코너선반/진열대,1312080000.0,취미/도서 > 원예/식물 > 화분용품 > 화분,Mismatch
13223017759,원형화분 DAIDAI 다이다이 화분 원예 미니화분 황동색 9cm 거실화분 인테리어,,생활/건강>수납/정리용품>선반/진열대>코너선반/진열대,50002465,코너선반/진열대,Fixed (Phase2)
13223017586,일자형 묘목 식물 지지대 45cm 10개 작물 화분 화초 지주대 텃밭 식물지지대 원예,,생활/건강>정원/원예용품>화분받침,50001803,화분받침,Fixed (Phase2)
13223017431,원형 울타리 식물 지지대 45X35 꽃 넝쿨 화분 화초 지주대 원예 작물 텃밭,,생활/건강>정원/원예용품>화분받침,1312080000.0,취미/도서 > 원예/식물 > 화분용품 > 화분,Mismatch
13223017259,원형 울타리 식물 지지대 텃밭 45X18 넝쿨 화분 화초 꽃 지주대 원예 작물,,생활/건강>정원/원예용품>화분받침,50001803,화분받침,Fixed (Phase2)
13223017070,원형 울타리 넝쿨 식물 지지대 30X28 화분 화초 꽃 지주대 원예 작물 텃밭,,생활/건강>정원/원예용품>화분받침,50001803,화분받침,Fixed (Phase2)
13223016860,식물 꽃 줄기 고정 지지대 37cm 5개 화분 화초 넝쿨 지주대 텃밭 작물 묘목 식물지지대 원예,,생활/건강>정원/원예용품>화분받침,50001790,미니화분,Fixed (Phase2)
13223016591,식물 꽃 줄기 고정 작물 지주대 지지대 27cm 5개 화분 텃밭 화초 넝쿨 묘목 식물지지대 원예,,생활/건강>정원/원예용품>화분받침,50001803,화분받침,Fixed (Phase2)
13223016347,수세미 스카치브라이트 변기용 청소솔 브러쉬 세트 변기청소 바닥청소 화장실 브러시 청소용품 청소,,스포츠/레저>자전거>자전거용품>세척제,50000244.0,화장품/미용 > 뷰티소품 > 메이크업브러쉬,Mismatch
13223016091,T형 화분 식물 나무 이름표 네임텍중형10개 다육식물 36cm 라벨 모종이름 화단 정원 농장,,생활/건강>문구/사무용품>문구용품>기타문구용품,50001800,조경수/묘목,Fixed (Phase2)
13223015849,집모양 꽂이형 화분 이름표 네임텍 10개 라벨 모종이름 다육식물 화단 정원 농장,,생활/건강>문구/사무용품>문구용품>기타문구용품,1312080000.0,취미/도서 > 원예/식물 > 화분용품 > 화분,Mismatch
13223015591,미니 하트 꽂이형 화분 이름표 네임텍 20개 라벨 화단 모종이름 다육식물 정원 농장,,생활/건강>문구/사무용품>문구용품>기타문구용품,1312080000.0,취미/도서 > 원예/식물 > 화분용품 > 화분,Mismatch
13223015362,꽃 미니 칼라 화분 받침대 모종 화분컵 사각 20칸 다육이 세트 다육이화분 관찰화분 미니화분 식물,,생활/건강>수납/정리용품>선반/진열대>코너선반/진열대,50002465,코너선반/진열대,Fixed (Phase2)
13223015199,미니 관찰화분 칼라 화분 받침대 화분컵 사각 12칸 세트 모종 다육이 꽃 미니화분 식물,,생활/건강>수납/정리용품>선반/진열대>코너선반/진열대,50002465,코너선반/진열대,Fixed (Phase2)
13223015018,칼라 꽂이형 화분 이름표 식물 네임택 정원 20개 라벨 모종이름 다육식물 화단 농장,,생활/건강>문구/사무용품>문구용품>기타문구용품,1312080000.0,취미/도서 > 원예/식물 > 화분용품 > 화분,Mismatch
13223014611,미니 관리 원예 도구 3P 세트 화분 정원 다육이 텃밭,,생활/건강>정원/원예용품>정원데코,50001798,정원데코,Fixed (Phase2)
13223014055,자석 드라이버 15종 세트 공구 수리 소형 미니 가정,,생활/건강>공구>수작업공구>드라이버,50003391.0,생활/건강 > 공구 > 수작업공구 > 드라이버,Mismatch
13223013522,스크류 구르프 머리 2P 세트 헤어 스타일 셋팅 소품,,패션잡화>헤어액세서리>헤어밴드,50000560,헤어밴드,Fixed (Phase2)
13223012540,텀블러 용기 청소솔 2P 브러쉬 미니솔 세트 세척 틈새솔 틈새청소 청소,,출산/육아>소독/살균용품>젖병솔,50008472,바디브러시,Fixed (Phase2)
13223012294,원형 화분 원화분 15치 블루베리 텃밭 미니,,생활/건강>정원/원예용품>화분,50001790,미니화분,Fixed (Phase2)
13217763347,여성 노트북 가방 숄더백 토끼키링 증정 대학생 여자 서류 파우치 맥북 그램 갤럭시북,,패션잡화>여성가방>숄더백,50001580,노트북가방/케이스,Fixed (Phase2)
13217762096,빈티지 블루 체크 포장 재료 세트 선물 포장지 생일 축하 포장재 포장끈 스티커,,생활/건강>공구>포장용품>리본,50001066,데코스티커,Fixed (Phase2)
13217761698,크리스마스 친구들 별상자 선물 캔디 초콜릿 성탄절,,생활/건강>공구>포장용품>선물박스,50006878,선물박스,Fixed (Phase2)
13217761503,선물주는 산타 별상자 캔디 초콜릿 크리스마스 성탄절,,생활/건강>공구>포장용품>선물박스,50001831.0,식품 > 과자 > 초콜릿,Mismatch
13217761325,메리 크리스마스 별상자 선물 캔디 초콜릿 성탄절,,생활/건강>공구>포장용품>선물박스,50006878,선물박스,Fixed (Phase2)
13217761136,화이트 크리스마스 별상자 선물 캔디 초콜릿 성탄절,,생활/건강>공구>포장용품>선물박스,50006878,선물박스,Fixed (Phase2)
13217760945,화분 분갈이 바닥 망사(3호) 배수판 물구멍 깔망 화분깔망 화분배,,생활/건강>정원/원예용품>원예부자재,50001796,원예부자재,Fixed (Phase2)
13217760766,화분 분갈이 바닥 망사(5호) 배수판 물구멍 깔망 화분깔망 화분배,,생활/건강>정원/원예용품>원예부자재,50001796,원예부자재,Fixed (Phase2)
13217760573,화분 분갈이 바닥 망사(1호) 배수판 물구멍 깔망 화분깔망 화분배,,생활/건강>정원/원예용품>원예부자재,50001796,원예부자재,Fixed (Phase2)
13217760360,레이스 리본 상자 레몬 선물 포장 캔디 초콜릿 쿠키 종이 박스 파스텔,,생활/건강>공구>포장용품>선물박스,50006878,선물박스,Fixed (Phase2)
13217760118,레이스 리본 상자 크라프트 선물 포장 캔디 초콜릿 쿠키 종이 박스 파스텔,,생활/건강>공구>포장용품>선물박스,50006878,선물박스,Fixed (Phase2)
13217759933,레이스 리본 상자 민트 선물 포장 캔디 초콜릿 쿠키 종이 박스 파스텔,,생활/건강>공구>포장용품>선물박스,50006878,선물박스,Fixed (Phase2)
13217759718,레이스 리본 상자 핑크 선물 포장 캔디 초콜릿 쿠키 종이 박스 파스텔,,생활/건강>공구>포장용품>선물박스,50006878,선물박스,Fixed (Phase2)
13217758918,연꽃 쥬얼리 포장 상자 쇼핑백 세트 주얼리함 악세사리 보관함 케이스 귀걸이 박스 선물,,패션잡화>주얼리>주얼리소품>보관함/케이스,50004187,보관함/케이스,Fixed (Phase2)
13217756858,파스텔 리본 머리끈 세트(5개 묶음) 곱창 헤어 슈슈 밴드 똥머리 여성 스크런치,,패션잡화>헤어액세서리>헤어핀,50000562,헤어끈,Fixed (Phase2)
13217752438,여성 러블리 라운드 모카무스 리본 홈웨어 파자마 세트,,패션의류>여성의류>티셔츠,50000803,티셔츠,Fixed (Phase2)
13217750024,12장 세트 방수 화살표 스티커 PVC 25cm12.5cm S11069,,생활/건강>문구/사무용품>스티커>다꾸스티커,1001120000.0,문구/사무용품 > 스티커/라벨 > 스티커,Mismatch
13217749795,랜덤1장 꽂는 벌레 끈끈이 날파리 벌레 트랩 화분 초파리 퇴치 접착 끈적이는 벌레 잡이,,생활/건강>생활용품>해충퇴치용품>모기채/파리채,50002694,모기채/파리채,Fixed (Phase2)
13217749584,창틀 청소솔+쓰레받기 세트 미세 틈새 청소 브러쉬 구석 창문틀 솔 먼지 제거 미니,,생활/건강>청소용품>유리닦이용품,50001845,유리닦이용품,Fixed (Phase2)
13217748404,플라스틱 사선 꽂이 연필 펜 필기구 꽂이함 브러시 정리함 보관함 탕비실 도구 수납 대,,생활/건강>문구/사무용품>필기도구>필통,50007548,필통,Fixed (Phase2)
13217739466,다용도 파라코드 생존 키링 등산 캠핑 낙하산줄 비상 도구 세트,,스포츠/레저>캠핑>텐트/타프용품>기타텐트/타프용품,50009402,기타텐트/타프용품,Fixed (Phase2)
13217730983,강력 세척 철칫솔 창틀 청소 화구 철솔 쇠솔 3종 세트 쇠 칫솔 튀김기 동 브러쉬 구리 불판 와이어 나일론,,생활/건강>청소용품>솔,50000244.0,화장품/미용 > 뷰티소품 > 메이크업브러쉬,Mismatch
13217730121,공구-드라이버 세트 (24 in 1) 정밀 드라이버 휴대용 일자 십자 별 삼각 BT111,,생활/건강>공구>전동공구>기타전동공구,50003387,공구세트,Fixed (Phase2)
13217728962,드라이버 복스연결대 8종 세트 소켓 연장 아답터 공구,,생활/건강>공구>수작업공구>렌치,50003391.0,생활/건강 > 공구 > 수작업공구 > 드라이버,Mismatch
13217728223,앰플형 화분 식물 제 고급형 1각 36ml 10개 원예용품 재료 흙 석회 용토 용품 퇴비 원예,,생활/건강>정원/원예용품>화분영양제/비료,1312080000.0,취미/도서 > 원예/식물 > 화분용품 > 화분,Mismatch
13217727138,넥타 캔 병따개 퀸스타 와인오프너 세트 와인 통조림 조리기구 스크류,,생활/건강>주방용품>와인용품>와인오프너,50004803,와인오프너,Fixed (Phase2)
13217725402,부활절 계란 꾸미기 다꾸 스티커 2종 세트,,생활/건강>문구/사무용품>스티커>다꾸스티커,50004598,홈버튼스티커,Fixed (Phase2)
13212406933,부직포 화분 블랙 대형 상추화분 분갈이,,생활/건강>정원/원예용품>화분,50001790,미니화분,Fixed (Phase2)
13212406275,이색 포트 화분 플라스틱화분 가드닝화분,,생활/건강>정원/원예용품>화분,50001790,미니화분,Fixed (Phase2)
13212405375,부직포 화분 그레이 소형 뿌리화분 텃밭화분,,생활/건강>정원/원예용품>화분,50001790,미니화분,Fixed (Phase2)
13212405159,플라스틱 다육이 화분 다육식물화분 포트화분,,생활/건강>정원/원예용품>화분,50001790,미니화분,Fixed (Phase2)
13212404267,화분 급수기 자동 식물자동급수기 화분자동급수기,,생활/건강>정원/원예용품>물조리개,50003372,압축분무기,Fixed (Phase2)
13212404067,중형 부직포 화분 블랙 묘목화분 자루화분,,생활/건강>정원/원예용품>화분,50001790,미니화분,Fixed (Phase2)
13212403827,텃밭 만들기 화분 베이지 베란다텃밭 학교텃밭,,생활/건강>정원/원예용품>화분,50001790,미니화분,Fixed (Phase2)
13212403628,일본 물받이 화분 화분케이스 탁상화분,,생활/건강>정원/원예용품>화분,50001790,미니화분,Fixed (Phase2)
13212403424,다용도 멀티 무타공 커튼봉 브라켓 2p 세트 걸이 고정 홀더 주방 압축봉 설치 거실 안방 클램프 소품 용품,,가구/인테리어>커튼/블라인드>커튼>커튼링/봉,50003516,커튼링/봉,Fixed (Phase2)
13212403202,부직포 화분 그레이 옥상화분 숨쉬는화분,,생활/건강>정원/원예용품>화분,50001790,미니화분,Fixed (Phase2)
13212402151,드라이버 세트 6P 십자드라이버 공구드라이버,,스포츠/레저>골프>골프클럽>드라이버,50002668,드라이버,Fixed (Phase2)
13212401672,플라스틱 다육이 화분 프라스틱화분 꽃화분,,생활/건강>정원/원예용품>화분,1312080000.0,취미/도서 > 원예/식물 > 화분용품 > 화분,Mismatch
13212392087,레터링 헬스 노트북 캐리어 방수 스티커 50장 세트,,패션잡화>여행용가방/소품>캐리어소품,50005464,캐리어소품,Fixed (Phase2)
13212391521,고강도 S2스틸 드라이버 비트 세트 6pcs HA101,,생활/건강>공구>전동공구>비트세트,50003406,비트세트,Fixed (Phase2)
13212388565,T형 화분 이름표 20개 한세트,,생활/건강>정원/원예용품>원예부자재,1312080000.0,취미/도서 > 원예/식물 > 화분용품 > 화분,Mismatch
13207131657,전동 충전 드릴용 PH2 양면 십자 드라이버 비트 65mm 10개입 세트,,생활/건강>공구>전동공구>비트세트,50003391.0,생활/건강 > 공구 > 수작업공구 > 드라이버,Mismatch
13207128467,그린드롭 2L 관수용 긴주둥이 물뿌리개 원예 화분 급수기,,생활/건강>정원/원예용품>물조리개,1312080000.0,취미/도서 > 원예/식물 > 화분용품 > 화분,Mismatch
13207125391,색랜덤 7x8 사각 플라스틱 화분 미니 빈화분 플분 슬릿화분 슬릿분 포트 모종화분,,생활/건강>정원/원예용품>화분,50001790,미니화분,Fixed (Phase2)
13207122193,원형 투명 핀뱃지 보관 케이스 만들기 44mm 가방키링 세트 제작 레진공예 핀뱃지 포카키링 비즈 세트,,패션잡화>패션소품>키홀더,50000570,키홀더,Fixed (Phase2)
13207120921,원형 투명 핀뱃지 보관 케이스 만들기 58mm DIY 제작 세트 가방키링 키링만들기 핀뱃지 아크릴 세트,,패션잡화>패션소품>키홀더,50000570,키홀더,Fixed (Phase2)
13207120520,주방세제 디스펜서 싱크대 매립 펌핑형 호스 세트 대용량 싱크대 주방 통 리필 고무호스 디스펜서 펌핑용기,,생활/건강>욕실용품>욕실용기/홀더>디스펜서,50019799,테이프디스펜서,Fixed (Phase2)
13207120343,미니 금원보 나무 복주머니 재물운 개업 풍수 장식 액막이 황금 화분 집들이선물 식당 풍수소품 결혼선물,,가구/인테리어>인테리어소품>장식인형,1312080000.0,취미/도서 > 원예/식물 > 화분용품 > 화분,Mismatch
13207119914,캣그라스 콩나물 상추 키우기 수경재배 2단 트레이 상추 수경 캣그라스 캣잎 포트 채소 화분 재배 콩나물,,생활/건강>정원/원예용품>화분,50001790,미니화분,Fixed (Phase2)
13207119662,수경재배 씨앗 발아 식물 상추 파종 스펀지 100조각 수경재배 가정용 스펀지 화분 딸기 상추 포트 딸기,,생활/건강>정원/원예용품>원예부자재,50001796,원예부자재,Fixed (Phase2)
13207119409,가드닝 미니 원예도구 3종+ 반투명 미니 화분 세트 모종삽 가드닝 홈 전지가위 원예용품 다육 화분 이,,생활/건강>정원/원예용품>원예부자재,50001796,원예부자재,Fixed (Phase2)
13207119242,다육이 미니식물 분갈이 가드닝 미니 원예도구 3종 가드닝 홈 모종삽 화분 분갈이용품 다육 원예용품,,생활/건강>정원/원예용품>원예부자재,1312080000.0,취미/도서 > 원예/식물 > 화분용품 > 화분,Mismatch
13207118660,비누 캔들 석고 방향제 만들기 실리콘 6구 장미 몰드 실리콘 베이킹 레진 석고방향제 재료 초콜릿 틀,,가구/인테리어>인테리어소품>아로마/캔들용품>초/향초,50001064,몰딩,Fixed (Phase2)
13207118404,비누 캔들 석고 방향제 재료 실리콘 6구 붕어빵 몰드 레진 초콜릿 비누만들기 베이킹 석고방향제 틀 재료,,가구/인테리어>인테리어소품>아로마/캔들용품>초/향초,50001064,몰딩,Fixed (Phase2)
13207118214,휴대용 포켓 반투명 다꾸 문구 테이프 디스펜서 세트 유리 포장 테이프 접착 리필 투명 다꾸용품 반 접착,,생활/건강>문구/사무용품>테이프>일반테이프,50007148,바테이프,Fixed (Phase2)
13207117686,투명 다꾸 꾸미기 스티커 필기구 보관함 정리 케이스 스티커 케이스 다꾸 다용도플라스틱 함 필통 용품,,생활/건강>문구/사무용품>스티커>다꾸스티커,50004598,홈버튼스티커,Fixed (Phase2)
13207117482,별의커비 슬라이드 지퍼파우치 필기구 지폐보관 파우치 다꾸스티커보관 드지 슬라이 캐릭터 폐 퍼백 딩지,,패션잡화>여성가방>파우치,50000643,파우치,Fixed (Phase2)
13207117269,(CL) 카네이션 머리띠 세트 펠트 목걸이,,출산/육아>완구/인형>미술놀이>종이접기,50006998,종이접기,Fixed (Phase2)
13207117054,향수 화장품 소분 세트 공병+깔때기+펌프디스펜서 공병 화장품 소분 깔대기 용품 미스트 용기,,화장품/미용>뷰티소품>화장품케이스,50000319,화장품케이스,Fixed (Phase2)
13207116863,뿌리파리 파리 날파리 초파리 화분 끈끈이트랩 노란끈끈이 트랩 작은뿌리파리 뿌리파리끈끈이 벌레끈끈이,,생활/건강>생활용품>해충퇴치용품>모기채/파리채,50000644,백팩,Fixed (Phase2)
13207111418,샌포드 유성 프리즈마 연필깍이 세트 72 색연필 2홀,,생활/건강>화방용품>스케치/드로잉용품>유성색연필,50003896,유성색연필,Fixed (Phase2)
13207111204,6개 흙받침 화분 분갈이깔망,,생활/건강>정원/원예용품>화분,1312080000.0,취미/도서 > 원예/식물 > 화분용품 > 화분,Mismatch
13201746866,6장 세트 고양이 스티커 다이어리 꾸미기,,가구/인테리어>DIY자재/용품>데코스티커,1001120000.0,문구/사무용품 > 스티커/라벨 > 스티커,Mismatch
13201744314,키보드 소품 화이트 블랙 기계식 키링 가방 키캡 커스텀 악세사리 세트,,패션잡화>패션소품>키홀더,50000434,기타패션소품,Fixed (Phase2)
13201743883,키보드 딸깍이 선물 블록 12개 테트리스 열쇠고리 단체 세트 디자인 키링,,패션잡화>패션소품>키홀더,122180000.0,패션잡화 > 기타패션잡화 > 키링/키홀더,Mismatch
13201743665,구성품 LED 불 대용량 들어오는 스위치 세트 키링 버튼 딸깍이 1P 투명,,패션잡화>패션소품>키홀더,50000570,키홀더,Fixed (Phase2)
13201743238,화분 자갈 아트스톤 화이트 화분돌 분갈이 데코 원예,,생활/건강>정원/원예용품>자갈/모래/흙,50001797,자갈/모래/흙,Fixed (Phase2)
13201742622,레터링 농구 노트북 캐리어 방수 스티커 50장 세트,,생활/건강>문구/사무용품>스티커>다꾸스티커,50001066,데코스티커,Fixed (Phase2)
13201734170,다육이 사각화분 미니 다크닉사각화분 1723대 화분,,생활/건강>정원/원예용품>화분,1312080000.0,취미/도서 > 원예/식물 > 화분용품 > 화분,Mismatch
13201733141,육각렌치 링 고리 세트 10pcs 키링 비트 L렌치 엘렌치 LV2512,,생활/건강>공구>수작업공구>복스,50003395,복스,Fixed (Phase2)
13196532513,목공용 금속용 드라이버 드릴 비트 세트 100개입 전문가용 JA396,,생활/건강>공구>전동공구>기타전동공구,50003417,기타전동공구,Fixed (Phase2)
13196531985,드라이버 비트 세트 63pcs JA387,,생활/건강>공구>전동공구>기타전동공구,50003391.0,생활/건강 > 공구 > 수작업공구 > 드라이버,Mismatch
13196531816,공구 드라이버 세트 17 in 1 십자 일자 별 비트 정밀 드라이버 스마트폰 수리 BF451,,생활/건강>공구>전동공구>기타전동공구,50003391.0,생활/건강 > 공구 > 수작업공구 > 드라이버,Mismatch
13196531664,드라이버 세트 8 in 1 다용도 멀티 공구 스크류 드라이버 비트 십자 일자 송곳 BF392,,생활/건강>공구>전동공구>기타전동공구,50002668,드라이버,Fixed (Phase2)
13196531496,드릴 드라이버 비트 세트 20PCS BF390,,생활/건강>공구>전동공구>기타전동공구,50003417,기타전동공구,Fixed (Phase2)
13196531321,드라이버 비트 세트 24 in 1 BF391,,생활/건강>공구>전동공구>기타전동공구,50002668,드라이버,Fixed (Phase2)
13196531156,30 in 1 공구 정밀 드라이버 세트 IH779,,생활/건강>공구>전동공구>기타전동공구,50003391.0,생활/건강 > 공구 > 수작업공구 > 드라이버,Mismatch
13196530500,원예 화분 물뿌리개 물 조리개 물주기 3L DD-11930,,생활/건강>정원/원예용품>물조리개,1312080000.0,취미/도서 > 원예/식물 > 화분용품 > 화분,Mismatch
13192336427,그로우백 손잡이 통기성 꽃집 타포린 화분 35x50,,생활/건강>정원/원예용품>화분,1312080000.0,취미/도서 > 원예/식물 > 화분용품 > 화분,Mismatch
13192335119,만능 미니 드라이버 8종 세트 일자 시계 정밀 십자드라이버 안경,,생활/건강>공구>수작업공구>드라이버,50003391.0,생활/건강 > 공구 > 수작업공구 > 드라이버,Mismatch
13192333854,수경 재배 포트 망포트 60 호 10개입 재배기 식물 화분,,생활/건강>정원/원예용품>화분,1312080000.0,취미/도서 > 원예/식물 > 화분용품 > 화분,Mismatch
13192333662,수경 재배 포트 망포트 50 호 10개입 재배기 식물 화분,,생활/건강>정원/원예용품>화분,1312080000.0,취미/도서 > 원예/식물 > 화분용품 > 화분,Mismatch
13192332102,수경 재배 포트 망포트 40 호 10개입 재배기 식물 화분,,생활/건강>정원/원예용품>화분,1312080000.0,취미/도서 > 원예/식물 > 화분용품 > 화분,Mismatch
13192331932,수경 재배 포트 망포트 32 호 10개입 재배기 식물 화분,,생활/건강>정원/원예용품>화분,1312080000.0,취미/도서 > 원예/식물 > 화분용품 > 화분,Mismatch
13192330197,스티커 제거 스크래퍼 본체 칼날 10입 세트,,생활/건강>청소용품>기타청소용품,50001849,기타청소용품,Fixed (Phase2)
13192329850,피클볼라켓 피클볼 패들 세트,,스포츠/레저>무술용품>기타무술용품,50002788,풀세트,Fixed (Phase2)
13187543036,둥근 조립형 화분 식물지 지대 25cm 4P 원형 화초 지지대 꽃지지대,,생활/건강>정원/원예용품>원예부자재,1312080000.0,취미/도서 > 원예/식물 > 화분용품 > 화분,Mismatch
13187542075,미니 화장솔 브러쉬 8종 세트 아이보리 화장붓 미니브 여행용브 메이크업브,,화장품/미용>뷰티소품>메이크업브러시>페이스브러시,50000244.0,화장품/미용 > 뷰티소품 > 메이크업브러쉬,Mismatch
13187541859,미니 화장솔 브러쉬 8종 세트 핑크 화장붓 미니브 여행용브 메이크업브,,화장품/미용>뷰티소품>메이크업브러시>페이스브러시,50000244.0,화장품/미용 > 뷰티소품 > 메이크업브러쉬,Mismatch
13187541639,하트 모양 원형 넝쿨 화분 식물지 지대 호야 지지대 스킨답서 스지 화초,,생활/건강>정원/원예용품>원예부자재,50001796,원예부자재,Fixed (Phase2)
13187541414,동그라미 원형 넝쿨 화분 식물지 지대 호야 지지대 스킨답서 스지 화초,,생활/건강>정원/원예용품>원예부자재,50001796,원예부자재,Fixed (Phase2)
13187540321,원형 자동 급수 저면 관수 화분 소형 플라스틱,,생활/건강>정원/원예용품>화분,50001790,미니화분,Fixed (Phase2)
13187539754,화단 화분 일자형 식물 이름표 팻말 36cm 수목 표찰 화분픽 꽃이름표,,생활/건강>정원/원예용품>정원데코,50001798,정원데코,Fixed (Phase2)
13187539082,화분 장식 방울방울 스투키 모자 5P 꾸미기 데코,,생활/건강>원예/식물>다육식물,50001796,원예부자재,Fixed (Phase2)
13187536055,텃밭 화분 분갈이 플라스틱 모종삽 어린이삽 아동삽 꽃삽 화분삽,,생활/건강>공구>원예공구>농기구,50001805,씨앗/모종,Fixed (Phase2)
13187533909,스타 배드민턴라켓 포커스 X 300 DR-AS300X 라켓2개입 운동용품 세트(1개입),,생활/건강>문구/사무용품>문구용품>문구세트,1408040000.0,스포츠/레저 > 배드민턴 > 배드민턴라켓,Mismatch
13187533685,16000 세르지오 유성색연필 24색 미술용품 세트(1개입),,생활/건강>문구/사무용품>문구용품>문구세트,50007969,문구세트,Fixed (Phase2)
13187530105,선물 어린이 캐릭터 참 세트 가방 답례품 랜덤 30개 장식 고리 키링 단체,,디지털/가전>휴대폰액세서리>휴대폰줄,50000256,휴대폰줄,Fixed (Phase2)
13187527980,선인장 물컵 세트 주방 텀블러 디자인 소품 세척용 브러쉬 청소솔 주방,,디지털/가전>카메라/캠코더용품>카메라/캠코더 관련용품>기타카메라/캠코더용품,50002113,기타카메라/캠코더용품,Fixed (Phase2)
13187521862,세트 씰 스티커 캐릭터 스티커 소품 24개 다이어리 꾸미기 이모티콘 데코,,출산/육아>교구>학습교구>기타교구,50006398,기타교구,Fixed (Phase2)
13187520750,교구 폭신폭신 캐릭터 어린이 스티커 코디 놀이 입히기 스티커 옷 소품 세트,,패션잡화>패션소품>기타패션소품,50000434,기타패션소품,Fixed (Phase2)
13187519750,교구 세트 어린이 놀이 캐릭터 랜덤발송 도장 활동지 미술 스티커 세트,,패션잡화>패션소품>기타패션소품,50000434,기타패션소품,Fixed (Phase2)
13187518878,다이어리 좋은 꾸미기 느낌 팩 소품 데코 하루 스티커 5장 세트 스티커,,출산/육아>교구>학습교구>기타교구,50006398,기타교구,Fixed (Phase2)
13187516694,볼 패들 세트 핸들러라켓 커플운동,,출산/육아>완구/인형>스포츠완구>기타스포츠완구,50004644,기타스포츠완구,Fixed (Phase2)
13187515901,블랙 토끼 대용량 여행용 파우치 3종 세트 화장품 수납 메이크업 생리대 휴대용 소품,,화장품/미용>뷰티소품>화장품케이스,50000643,파우치,Fixed (Phase2)
13187512785,원예 화분 물뿌리개 물 조리개 물주기 1L DD-11928,,생활/건강>정원/원예용품>물조리개,1312080000.0,취미/도서 > 원예/식물 > 화분용품 > 화분,Mismatch
13187510467,비즈 팔찌 만들기 세트 공예 재료 구슬 장난감 DIY 악세서리 키트,,출산/육아>완구/인형>미술놀이>종이접기,50000375,공예품,Fixed (Phase2)
13187510031,미니 꽃다발 사탕 목걸이 만들기 세트 졸업 입학 감사 축하 선물 포장 재료,,가구/인테리어>인테리어소품>미술작품>공예디자인,50008888,기타문구용품,Fixed (Phase2)
13187509247,여성 패션 실버 반지 4개 세트 실반지 레이어드,,패션잡화>주얼리>반지>패션반지,50004155,패션반지,Fixed (Phase2)
13187508496,다용도 정전기방지 ESD 브러쉬 세트 8pcs ID756,,생활/건강>공구>수작업공구>기타수작업공구,50000244.0,화장품/미용 > 뷰티소품 > 메이크업브러쉬,Mismatch
13187507529,Prokit (SD-9322M) 정밀 드라이버 세트 T6229,,생활/건강>공구>전동공구>기타전동공구,50003391.0,생활/건강 > 공구 > 수작업공구 > 드라이버,Mismatch
13187506741,Prokit(SD-205) 드라이버 세트 총 62종 드라이버 날 교환식 T8382,,생활/건강>공구>전동공구>기타전동공구,50003391.0,생활/건강 > 공구 > 수작업공구 > 드라이버,Mismatch
13187506518,Prokit(1PK-212) 양날 렌치 드라이버 세트 T8533,,생활/건강>공구>수작업공구>복스,50003395,복스,Fixed (Phase2)
13187506303,Prokit(SD-9824) 드라이버 세트 24 in 1 T0001,,생활/건강>공구>전동공구>기타전동공구,50003391.0,생활/건강 > 공구 > 수작업공구 > 드라이버,Mismatch
13187506071,원예 화분 가꾸기 미니 12종 세트 DD-11158,,생활/건강>공구>원예공구>기타원예공구,50001796,원예부자재,Fixed (Phase2)
13187502944,수채 색연필 24색 세트 컬러링북 드로잉 미술수업 화구 채색용 학습준비 색연필세트,,생활/건강>화방용품>스케치/드로잉용품>수채색연필,50003895,수채색연필,Fixed (Phase2)
13187501220,점보 색연필 12색 세트 굵은 바디 휴대용 스케치 드로잉 채색 미술수업 학습준비,,생활/건강>문구/사무용품>문구용품>기타문구용품,50003896.0,생활/건강 > 문구/사무용품 > 화방용품 > 색연필,Mismatch
13187499785,목걸이 만들기 DIY 세트 자연 창의미술 여름 장식 비즈 공예 방과후 재료,,출산/육아>완구/인형>미술놀이>종이접기,1311190000.0,완구/취미 > 만들기/DIY > 비즈공예,Mismatch
13187496012,ㄱ자 물조리 공병 화분 뾰족 물조리개 250ml DD-12821,,생활/건강>정원/원예용품>물조리개,1312080000.0,취미/도서 > 원예/식물 > 화분용품 > 화분,Mismatch
13187494514,녹제거 쇠솔 철브러쉬 3P 세트,,생활/건강>공구>수작업공구>기타수작업공구,50000244.0,화장품/미용 > 뷰티소품 > 메이크업브러쉬,Mismatch
13187494282,원예용 방수 화분 분갈이 매트 50x50cm,,생활/건강>정원/원예용품>원예부자재,50001796,원예부자재,Fixed (Phase2)
13187492816,수채 색연필 60색 틴 케이스 세트 수성 컬러링 드로잉 미술용 선물 문구,,생활/건강>화방용품>애니메이션용품>펜촉/펜대,50003895,수채색연필,Fixed (Phase2)
13187492596,일반 색연필 72색 세트 틴 케이스 드로잉 컬러링 미술 준비물 화방용,,출산/육아>완구/인형>미술놀이>색연필,50003896.0,생활/건강 > 문구/사무용품 > 화방용품 > 색연필,Mismatch
13181936458,청소 뚫어뻥 4IN1 핀셋 브러쉬 욕실 세트 청소솔,,생활/건강>청소용품>솔,50000828,러닝/캐미솔,Fixed (Phase2)
13181936226,정밀 다용도 세트 24종 작업용 정비 드라이버 공구,,생활/건강>공구>수작업공구>드라이버,50002668,드라이버,Fixed (Phase2)
13181933394,여성 라운드 리본 홈웨어 수면 잠옷 포인트 파자마 세트,,패션의류>남성언더웨어/잠옷>잠옷/홈웨어,50000826,잠옷/홈웨어,Fixed (Phase2)
13181933165,파랑 물뿌리개 화분 원예 화초 물조리개 특대 11L,,생활/건강>정원/원예용품>물조리개,1312080000.0,취미/도서 > 원예/식물 > 화분용품 > 화분,Mismatch
13181931995,1개 250ml 투명 분무기 수동 미용 스프레이 분무기통 화분 분사기 미용실 청소용,,생활/건강>생활용품>생활잡화>분무기,50003372,압축분무기,Fixed (Phase2)
13181928938,흙 날림방지 화분 덮개 코코넛 커버 중 10P DD-12419,,생활/건강>정원/원예용품>원예부자재,50001790,미니화분,Fixed (Phase2)
13176723593,10개 지름5cm 수경재배포트 망포트 물빠짐 수경 재배 포트망 화분 재배기 매쉬 메쉬,,생활/건강>정원/원예용품>화분,50001790,미니화분,Fixed (Phase2)
13176723332,10개 지름4cm 수경재배포트 망포트 물빠짐 수경 재배 포트망 화분 재배기 매쉬 메쉬,,생활/건강>정원/원예용품>화분,50001790,미니화분,Fixed (Phase2)
13176723069,10개 지름3cm 수경재배포트 망포트 물빠짐 수경 재배 포트망 화분 재배기 매쉬 메쉬,,생활/건강>정원/원예용품>화분,50001790,미니화분,Fixed (Phase2)
13176722856,10개 지름6cm 수경재배포트 망포트 물빠짐 수경 재배 포트망 화분 재배기 매쉬 메쉬,,생활/건강>정원/원예용품>화분,50001790,미니화분,Fixed (Phase2)
13176722171,다육이 선반 화분 받침대 실버 메탈 철제 거치대 3단,,생활/건강>정원/원예용품>화분받침,50001803,화분받침,Fixed (Phase2)
13176721448,화분 이름표 식물 표시 사인 100pcs,,생활/건강>정원/원예용품>원예부자재,1312080000.0,취미/도서 > 원예/식물 > 화분용품 > 화분,Mismatch
13176716432,3가지 여행에도 꼭 세트 헤어브러쉬 필요한 일상에도,,화장품/미용>뷰티소품>헤어소품>헤어브러시,50000244.0,화장품/미용 > 뷰티소품 > 메이크업브러쉬,Mismatch
13176710548,(러닝리소스) 걱정인형 세트 팔찌 IN95416,,출산/육아>완구/인형>언어/학습완구>디지털학습완구,50004431,디지털학습완구,Fixed (Phase2)
13176709233,신울타리 화분 1호 울타리화분 미니화분 모종,,생활/건강>정원/원예용품>화분,1312080000.0,취미/도서 > 원예/식물 > 화분용품 > 화분,Mismatch
13176708494,신울타리 화분 2호 울타리화분 미니화분 모종,,생활/건강>정원/원예용품>화분,1312080000.0,취미/도서 > 원예/식물 > 화분용품 > 화분,Mismatch
13176706804,식물 방한 커버 부직포 화분 덮개 180x120 DD-12548,,생활/건강>정원/원예용품>원예부자재,50001786,식용식물,Fixed (Phase2)
13176706360,식물 방한 커버 부직포 화분 덮개 80x60 DD-12547,,생활/건강>정원/원예용품>원예부자재,50001786,식용식물,Fixed (Phase2)
13176704496,여성 물결 수면 핑크 리본 홈웨어 잠옷 그레이 세트,,패션의류>남성언더웨어/잠옷>잠옷/홈웨어,12161905.0,문구/사무용품 > 포장용품 > 리본/장식끈,Mismatch
13176704244,정밀 자성 십자 드라이버 비트 공구 세트 6P 공구함,,생활/건강>공구>수작업공구>드라이버,50002668,드라이버,Fixed (Phase2)
13171551370,물조리개 원예 화분 물뿌리개 물 조리개 물주기 1L M11928,,생활/건강>정원/원예용품>원예부자재,1312080000.0,취미/도서 > 원예/식물 > 화분용품 > 화분,Mismatch
13171550612,세트 (PC) 스티커 장식 풍선,,가구/인테리어>인테리어소품>기타장식용품,50000968,기타장식용품,Fixed (Phase2)
13171550082,투명 원형 책상 연필꽂이 펜꽂이 필기구 정리함 연필통 색연필 꽂이 볼펜,,생활/건강>문구/사무용품>필기도구>연필,50004252,색연필,Fixed (Phase2)
13171530012,DIY 신꾸 신발 샌들 구멍슬리퍼 꾸미기 진주리본 세트,,패션잡화>패션소품>기타패션소품,12161905.0,문구/사무용품 > 포장용품 > 리본/장식끈,Mismatch
13171526094,여성 중목 패션 로퍼 리본 포인트 예쁜 양말 3개 세트,,패션잡화>양말>여성양말>중목/장목양말,50003996,중목/장목양말,Fixed (Phase2)
13171523489,천연 진주 목걸이 팔찌 귀걸이 세트 고급 선물포장,,패션잡화>주얼리>주얼리세트>진주세트,50004185,진주세트,Fixed (Phase2)
13166562428,열부착 리본 와펜 패치 9종 세트 에코백 리폼 다리미 장식,,생활/건강>생활용품>생활선물세트,12161905.0,문구/사무용품 > 포장용품 > 리본/장식끈,Mismatch
13166561116,일본 컬러 붓펜 그린 브러쉬펜 캘리그라피 수채화 손글씨 서예 드로잉 문구용 필기구,,생활/건강>문구/사무용품>필기도구>볼펜,50007568,붓펜,Fixed (Phase2)
13166560915,일본 컬러 붓펜 퍼플 브러쉬펜 캘리그라피 수채화 손글씨 서예 드로잉 문구용 필기구,,생활/건강>문구/사무용품>필기도구>볼펜,50007568,붓펜,Fixed (Phase2)
13166560723,일본 컬러 붓펜 터키석 브러쉬펜 캘리그라피 수채화 손글씨 서예 드로잉 문구용 필기구,,생활/건강>문구/사무용품>필기도구>볼펜,50007568,붓펜,Fixed (Phase2)
13166560525,일본 컬러 붓펜 세피아 브러쉬펜 캘리그라피 수채화 손글씨 서예 드로잉 문구용 필기구,,생활/건강>문구/사무용품>필기도구>볼펜,50007568,붓펜,Fixed (Phase2)
13166559646,캐릭터 스티커 세트 다꾸 폰꾸 다이어리 꾸미기 노트 장식 굿즈 소품,,생활/건강>문구/사무용품>스티커>다꾸스티커,1001120000.0,문구/사무용품 > 스티커/라벨 > 스티커,Mismatch
13166559454,화분 정리대 2단 원예 선반 베란다 다용도 진열대 받침대,,생활/건강>정원/원예용품>화분받침,1312080000.0,취미/도서 > 원예/식물 > 화분용품 > 화분,Mismatch
13166559263,3단 화분 정리대 원예 진열대 베란다 거실 다육이 선반 식물 수납 받침대,,생활/건강>정원/원예용품>화분받침,1312080000.0,취미/도서 > 원예/식물 > 화분용품 > 화분,Mismatch
13166557579,화분 자동 급수기 페트병 연결 물주기 헤드 관수 조절기 식물 화초 관리,,생활/건강>정원/원예용품>물조리개,50001794,물조리개,Fixed (Phase2)
13166557164,다용도 청소솔 바닥솔 타일솔 텀블러솔 운동화솔 틈새솔 변기솔 세면대 브러쉬 세트,,생활/건강>청소용품>솔,50000244.0,화장품/미용 > 뷰티소품 > 메이크업브러쉬,Mismatch
13166548910,테이프 클리너 세트 먼지 제거 머리카락 청소 돌돌이 스티커 자국 정리 롤러형 도구,,생활/건강>청소용품>테이프클리너,50001846,테이프클리너,Fixed (Phase2)
13166546987,캐릭터 편지지 세트 스티커 봉투 포함 선물용 메모지 문구 팬시 소품,,생활/건강>문구/사무용품>카드/엽서/봉투>편지지,50008131,편지지,Fixed (Phase2)
13166546815,개구리 캐릭터 편지지 세트 스티커 봉투 포함 선물용 메모지 문구 소품,,생활/건강>문구/사무용품>카드/엽서/봉투>편지지,1001120000.0,문구/사무용품 > 스티커/라벨 > 스티커,Mismatch
13166546407,빈티지 도자기 화분 소형 토분 4발 스텐드형 TB-16B,,생활/건강>정원/원예용품>화분,50001790,미니화분,Fixed (Phase2)
13166546196,빈티지 도자기 화분 토분 원형 수국 30x16cm,,생활/건강>정원/원예용품>화분,50001790,미니화분,Fixed (Phase2)
13166546020,국산 도자기 화분 토분 화분 소형 15x13cm 컬러 랜덤,,생활/건강>정원/원예용품>화분,50001790,미니화분,Fixed (Phase2)
13166545843,빈티지 도자기 화분 예쁜 다육이 소형 화분 16x13cm,,생활/건강>정원/원예용품>화분,50001790,미니화분,Fixed (Phase2)
13166545658,수제 빈티지 도자기 화분 토분 인테리어화분 16x12cm,,생활/건강>정원/원예용품>화분,50001790,미니화분,Fixed (Phase2)
13166545505,수제 빈티지 도자기 화분 토분 타원 인테리어화분,,생활/건강>정원/원예용품>화분,50001790,미니화분,Fixed (Phase2)
13166545321,미니 도자기화분 토기 다육이 선인장 화분 14x14,,생활/건강>정원/원예용품>화분,50001790,미니화분,Fixed (Phase2)
13166545138,빈티지 도자기 화분 토분 소형 인테리어화분 13x16cm,,생활/건강>정원/원예용품>화분,50001790,미니화분,Fixed (Phase2)
13166544947,아쿠아 도자기 화분 토분 2개 세트 인테리어화분,,생활/건강>정원/원예용품>화분,50001790,미니화분,Fixed (Phase2)
13166544241,서예 세필붓 한글 캘리 붓펜 브러쉬 브러시 11종 세트,,생활/건강>화방용품>서예/동양화용품>먹,50020839,주먹밥/김밥,Fixed (Phase2)
13166543669,화분 ROOM 리브 26x28cm SELF 자동급수,,생활/건강>정원/원예용품>화분,1312080000.0,취미/도서 > 원예/식물 > 화분용품 > 화분,Mismatch
13166542430,텃밭가꾸기용하우스팜 봄학교식물재배 봄학교 하우스팜 목분 홈가드닝 분갈이 미니 화분 가벼운 식물재배,,생활/건강>정원/원예용품>화분,1312080000.0,취미/도서 > 원예/식물 > 화분용품 > 화분,Mismatch
13166539026,까렌다쉬 파블로 유성색연필 30색 색연필 세트,,생활/건강>화방용품>스케치/드로잉용품>유성색연필,50003896.0,생활/건강 > 문구/사무용품 > 화방용품 > 색연필,Mismatch
13166538854,까렌다쉬 파블로 유성색연필 18색 색연필 세트,,생활/건강>화방용품>스케치/드로잉용품>유성색연필,50003896.0,생활/건강 > 문구/사무용품 > 화방용품 > 색연필,Mismatch
13166538665,까렌다쉬 파블로 유성색연필 40색 색연필 세트,,생활/건강>화방용품>스케치/드로잉용품>유성색연필,50003896.0,생활/건강 > 문구/사무용품 > 화방용품 > 색연필,Mismatch
13166538477,까렌다쉬 파블로 유성색연필 12색 색연필 세트,,생활/건강>화방용품>스케치/드로잉용품>유성색연필,50003896.0,생활/건강 > 문구/사무용품 > 화방용품 > 색연필,Mismatch
13166538296,까렌다쉬 수프라칼라 소프트 수성색연필 18색 세트,,생활/건강>화방용품>스케치/드로잉용품>수채색연필,50003896.0,생활/건강 > 문구/사무용품 > 화방용품 > 색연필,Mismatch
13166537701,까렌다쉬 수프라칼라 소프트 수성색연필 12색 세트,,생활/건강>화방용품>스케치/드로잉용품>수채색연필,50003896.0,생활/건강 > 문구/사무용품 > 화방용품 > 색연필,Mismatch
13166537517,파버카스텔 일반 색연필 36색 세트 틴케이스,,생활/건강>화방용품>스케치/드로잉용품>유성색연필,50003896,유성색연필,Fixed (Phase2)
13166537320,파버카스텔 일반 색연필 24색 세트 틴케이스,,생활/건강>화방용품>스케치/드로잉용품>유성색연필,50003896,유성색연필,Fixed (Phase2)
13166537121,파버카스텔 일반 색연필 12색 세트 틴케이스,,생활/건강>화방용품>스케치/드로잉용품>유성색연필,50003896,유성색연필,Fixed (Phase2)
13166536534,까렌다쉬 루미넌스 유성색연필 76색 우드케이스 세트,,생활/건강>화방용품>스케치/드로잉용품>유성색연필,50003896,유성색연필,Fixed (Phase2)
13166536358,까렌다쉬 파블로 유성색연필 80색 색연필 세트,,생활/건강>화방용품>스케치/드로잉용품>유성색연필,50003896.0,생활/건강 > 문구/사무용품 > 화방용품 > 색연필,Mismatch
13166536158,까렌다쉬 파블로 유성색연필 120색 우드케이스 세트,,생활/건강>화방용품>스케치/드로잉용품>유성색연필,50003896,유성색연필,Fixed (Phase2)
13166535763,까렌다쉬 루미넌스 유성색연필 100색 색연필 세트,,생활/건강>화방용품>스케치/드로잉용품>유성색연필,50003896.0,생활/건강 > 문구/사무용품 > 화방용품 > 색연필,Mismatch
13166535568,까렌다쉬 루미넌스 유성색연필 76색 블랜더 2P 세트,,생활/건강>화방용품>스케치/드로잉용품>유성색연필,50003896,유성색연필,Fixed (Phase2)
13166535343,까렌다쉬 수프라칼라 소프트 수성색연필 120색 세트,,생활/건강>화방용품>스케치/드로잉용품>수채색연필,50003896.0,생활/건강 > 문구/사무용품 > 화방용품 > 색연필,Mismatch
13166534968,동자승4종 세트 차량용 피규어 소품 미니어쳐,,가구/인테리어>서재/사무용가구>사무/교구용가구>사무용책상,50001069,장식인형,Fixed (Phase2)
13166534767,컴퍼스 샤프 삼각자 각도기 눈금자 방안자 세트,,스포츠/레저>헬스>헬스소품>기타헬스소품,50003170,기타헬스소품,Fixed (Phase2)
13166533510,흑요석 부처얼굴 염주 목걸이 세트,,생활/건강>종교>불교용품,50000243,불교용품,Fixed (Phase2)
13161485206,포장끈 3색 스티커 세트 포장랩핑 빵끈 선물포장리본,,생활/건강>공구>포장용품>리본,50003547,리본,Fixed (Phase2)
13161481502,집에서 식물 키우기 스위트 바질 식용 허브 화분 키트,,생활/건강>원예/식물>씨앗/모종,50001805,씨앗/모종,Fixed (Phase2)
13161481264,DIY 집에서 식물 키우기 부추 식용 허브 화분 키트,,생활/건강>원예/식물>씨앗/모종,50001805,씨앗/모종,Fixed (Phase2)
13161481004,0.5mm 브러쉬펜 부드러운 볼펜 세트 5PCS DD-13100,,생활/건강>문구/사무용품>필기도구>볼펜,50000244.0,화장품/미용 > 뷰티소품 > 메이크업브러쉬,Mismatch
13161480788,블랙펄7색 색연필 KN-6 7색 무지개색연필,,출산/육아>완구/인형>미술놀이>색연필,50003896.0,생활/건강 > 문구/사무용품 > 화방용품 > 색연필,Mismatch
13161479197,시크릿 셀프 디테일링 브러쉬 세트 붓 차량용 청소,,생활/건강>청소용품>기타청소용품,50003417,기타전동공구,Fixed (Phase2)
13161478508,여성 여자 여름 프릴 리본 반팔 반 바지 잠옷 파자마 홈웨어 실내복 세트,,패션의류>여성언더웨어/잠옷>잠옷/홈웨어,50000826,잠옷/홈웨어,Fixed (Phase2)
13156893318,귀여운 눈사람 별상자 선물 캔디 초콜릿 크리스마스 성탄절,,생활/건강>공구>포장용품>선물박스,50006878,선물박스,Fixed (Phase2)
13156893141,리본 선물 별상자 캔디 초콜릿 크리스마스 성탄절,,생활/건강>공구>포장용품>선물박스,50001831.0,식품 > 과자 > 초콜릿,Mismatch
13156892939,원예 화분 화초 벌레 끈끈이 사각 트랩 뿌리 파리 파리왕 초파리 노란 제거,,생활/건강>생활용품>해충퇴치용품>끈끈이,50002695,끈끈이,Fixed (Phase2)
13156892722,화분 분갈이 바닥 망사(2호) 배수판 물구멍 깔망 화분깔망 화분배,,생활/건강>정원/원예용품>원예부자재,50001796,원예부자재,Fixed (Phase2)
13156892509,파스텔 미니 플라스틱 화분 7X8cm 식목일 모종 심기 다육이 다육이심기 꽃심기 원예,,생활/건강>정원/원예용품>화분,50001790,미니화분,Fixed (Phase2)
13156890648,여성 노트북가방 숄더백 토끼키링 증정,,디지털/가전>노트북액세서리>노트북가방/케이스,50001580,노트북가방/케이스,Fixed (Phase2)
13156886386,색연필 세트 36개 미술 어린이 다색 체크 도구 색칠 색연필 놀이 캐릭터,,출산/육아>완구/인형>미술놀이>색연필,50003896.0,생활/건강 > 문구/사무용품 > 화방용품 > 색연필,Mismatch
13156885631,펠트 DIY 키링 키트 양모 놀이 랜덤발송 수공예 만들기 캐릭터 세트 교구,,패션잡화>패션소품>키홀더,50000570,키홀더,Fixed (Phase2)
13153017796,화분 덮개 흙날림 흙장난방지 화분커버 소 M12165,,생활/건강>정원/원예용품>원예부자재,1312080000.0,취미/도서 > 원예/식물 > 화분용품 > 화분,Mismatch
13153012183,정밀 드라이버 세트 시계 안경 삼각 별모양 육각,,생활/건강>공구>전동공구>기타전동공구,50002668,드라이버,Fixed (Phase2)
13153011999,압축 분무기 1L 고압 자동 세차폼건 화분 농업용,,생활/건강>공구>원예공구>압축분무기,50003372,압축분무기,Fixed (Phase2)
13153011195,오링 화초 꽃 묘목 식물 화분 지지대 지주대 48cm,,생활/건강>정원/원예용품>원예부자재,1312080000.0,취미/도서 > 원예/식물 > 화분용품 > 화분,Mismatch
13153010555,귀여운 고양이 노트북 캐리어 방수 스티커 50장 세트,,생활/건강>문구/사무용품>스티커>다꾸스티커,50001066,데코스티커,Fixed (Phase2)
13153005855,미니 원예 도구 3종 세트 화분 분갈이 삽 갈퀴 흙 정리 가드닝 교육용 키트,,생활/건강>원예/식물>미니화분,50003371,농기구,Fixed (Phase2)
13153005659,미세분사 분무기 겸용 물조리개 소형 스프레이 원예 화분 미용 다용도 안개분사 물뿌리개,,생활/건강>정원/원예용품>물조리개,1312080000.0,취미/도서 > 원예/식물 > 화분용품 > 화분,Mismatch
13153005454,원예용 분무기 물조리개 화분 물주기 물뿌리개 소형 급수기 다용도 홈가드닝,,생활/건강>문구/사무용품>문구용품>기타문구용품,1312080000.0,취미/도서 > 원예/식물 > 화분용품 > 화분,Mismatch
13153005283,페트병 연결 물조리개 캡 3개입 화분 물주기 간편 급수기 분무용 다용도 원예 보조도구,,생활/건강>정원/원예용품>물조리개,1312080000.0,취미/도서 > 원예/식물 > 화분용품 > 화분,Mismatch
13153004278,대형 원형 화분 받침대 바퀴형 이동식 물받이 트레이 화분받침 수납 이동 보조 받침판,,생활/건강>정원/원예용품>화분받침,1312080000.0,취미/도서 > 원예/식물 > 화분용품 > 화분,Mismatch
13153004102,이동식 원형 화분 받침대 바퀴형 고정식 다용도 이동 트레이 실내 정리 받침판,,생활/건강>정원/원예용품>화분받침,1312080000.0,취미/도서 > 원예/식물 > 화분용품 > 화분,Mismatch
13153003232,골프 헤드 커버 세트 인조가죽 타입 클럽 보호 드라이버 우드 보관,,스포츠/레저>골프>골프필드용품>헤드커버,50002819,헤드커버,Fixed (Phase2)
13153002413,식물 지지 클립 고정 집게 화분 지주대 고추대 철사 원예용 비닐하우스 자재,,생활/건강>공구>원예공구>기타원예공구,50001796,원예부자재,Fixed (Phase2)
13132127248,미성 해씨 초콜릿 30g 영양 만점 해바라기씨 초코 아이들 초등학생 간식 어른 간식,,식품>과자/베이커리>초콜릿,50002000,초콜릿,Fixed (Phase2)
13132127026,미성 해씨 초콜릿 30g 12개입 1통 고소한 해바라기씨 초콜릿 아이들 초등학생 간식,,식품>과자/베이커리>초콜릿,50001831.0,식품 > 과자 > 초콜릿,Mismatch
13132126830,미성 스톤 초콜릿 30g 알록달록 돌멩이 모양 추억의 과자 아이들 초등학생 간식,,식품>과자/베이커리>초콜릿,50002000,초콜릿,Fixed (Phase2)
13132126608,미성 스톤 초콜릿 30g 12개입 1통 추억의 돌멩이 초콜릿 아이들 초등학생 간식,,식품>과자/베이커리>초콜릿,50001831.0,식품 > 과자 > 초콜릿,Mismatch
13132126234,스노우 생 초코레드 오리지널 32g 입안에서 사르르 녹는 초콜릿 아이들 초등학생 간식,,식품>과자/베이커리>초콜릿,50001831.0,식품 > 과자 > 초콜릿,Mismatch
13132126044,스노우 생 초코레드 오리지널 32g 12개입 1팩 생초콜릿 세트 아이들 초등학생 간식,,식품>과자/베이커리>초콜릿,50001831.0,식품 > 과자 > 초콜릿,Mismatch
13132125846,스노우 생 초코레드 말차맛 32g 쌉싸름하고 달콤한 말차 초콜릿 어른 아이들 간식,,식품>과자/베이커리>초콜릿,50001831.0,식품 > 과자 > 초콜릿,Mismatch
13132125438,엘리스 초코 샌드 비스킷 150g 진한 초콜릿 크림 샌드 과자 아이들 초등학생 간식,,식품>과자/베이커리>초콜릿,50002000,초콜릿,Fixed (Phase2)
13132125257,미니 땅콩버터 와플 초콜릿 콘 300g 대용량 피넛버터 와플 과자 아이들 초등학생 간식,,식품>과자/베이커리>초콜릿,50002000,초콜릿,Fixed (Phase2)
13132125059,미니 땅콩버터 와플 초콜릿 콘 300g 4개 대용량 세트 피넛버터 과자 아이들 초등학생 간식,,식품>과자/베이커리>초콜릿,50002000,초콜릿,Fixed (Phase2)
13132124621,오발틴 코코아 마시멜로우 25g 초코 마시멜로 달콤한 초콜릿 디저트 아이들 초등학생 간식,,식품>과자/베이커리>사탕,50002001,사탕,Fixed (Phase2)
13132121393,열전도 볼륨 드라이빗 대왕 롤빗 브러쉬 앞머리 뿌리볼륨 꼬리빗 세트,,화장품/미용>뷰티소품>헤어소품>헤어브러시,50004396,헤어브러시,Fixed (Phase2)
13132120381,bns 원형 화분 깔망 10cm 50개입,,생활/건강>정원/원예용품>원예부자재,1312080000.0,취미/도서 > 원예/식물 > 화분용품 > 화분,Mismatch
13132118728,다육식물 입체화분 물감세트(식물보호케이스포함),,출산/육아>완구/인형>미술놀이>종이접기,1312080000.0,취미/도서 > 원예/식물 > 화분용품 > 화분,Mismatch
13099223341,서류철 집게 클리퍼 세트 16mm 디스펜서 포함 문서 정리 사무 클립,,생활/건강>문구/사무용품>문구용품>클립/핀,50008649.0,생활/건강 > 욕실용품 > 욕실용기/홀더 > 디스펜서,Mismatch
13008076661,분갈이 매트 원예용 화분 다용도 매트 (대형),,생활/건강>정원/원예용품>자갈/모래/흙,50004843,기타주방잡화,Fixed (Phase2)
